-- MySQL dump 10.13  Distrib 8.0.17, for Win64 (x86_64)
--
-- Host: 172.16.0.182    Database: devdb
-- ------------------------------------------------------
-- Server version	8.0.17

/*!40101 SET @OLD_CHARACTER_SET_CLIENT=@@CHARACTER_SET_CLIENT */;
/*!40101 SET @OLD_CHARACTER_SET_RESULTS=@@CHARACTER_SET_RESULTS */;
/*!40101 SET @OLD_COLLATION_CONNECTION=@@COLLATION_CONNECTION */;
/*!50503 SET NAMES utf8 */;
/*!40103 SET @OLD_TIME_ZONE=@@TIME_ZONE */;
/*!40103 SET TIME_ZONE='+00:00' */;
/*!40014 SET @OLD_UNIQUE_CHECKS=@@UNIQUE_CHECKS, UNIQUE_CHECKS=0 */;
/*!40014 SET @OLD_FOREIGN_KEY_CHECKS=@@FOREIGN_KEY_CHECKS, FOREIGN_KEY_CHECKS=0 */;
/*!40101 SET @OLD_SQL_MODE=@@SQL_MODE, SQL_MODE='NO_AUTO_VALUE_ON_ZERO' */;
/*!40111 SET @OLD_SQL_NOTES=@@SQL_NOTES, SQL_NOTES=0 */;

--
-- Dumping data for table `action`
--

LOCK TABLES `action` WRITE;
/*!40000 ALTER TABLE `action` DISABLE KEYS */;
/*!40000 ALTER TABLE `action` ENABLE KEYS */;
UNLOCK TABLES;

--
-- Dumping data for table `actuals_table`
--

LOCK TABLES `actuals_table` WRITE;
/*!40000 ALTER TABLE `actuals_table` DISABLE KEYS */;
/*!40000 ALTER TABLE `actuals_table` ENABLE KEYS */;
UNLOCK TABLES;

--
-- Dumping data for table `approval_for_request`
--

LOCK TABLES `approval_for_request` WRITE;
/*!40000 ALTER TABLE `approval_for_request` DISABLE KEYS */;
INSERT INTO `approval_for_request` VALUES ('0305703a-b3bb-42fc-b062-c514703334a0','RT-ADMIN-15','admin','2019-10-04 18:47:30',NULL,_binary '\0',NULL,'2019-10-04 18:47:31','RT-ADMIN-15','',1,0,2,'','BM Approver please view the budget plan.','7d1797f7-a185-4798-b555-563ddf66d61b','dd650097-4b59-4dae-8d6f-eec585813750','f56ad9c8-e92a-43ff-b101-be4cfa20558f'),('05a4ebb7-cf11-449d-9a4f-af4e45379f15','RT-YINGSHI2502-8','yingshi2502','2019-10-04 16:51:33',NULL,_binary '\0','yingshi2502','2019-10-04 16:51:55','RT-YINGSHI2502-8','',2,2,2,'fff','BM Approver please view the budget plan.','17071e6d-692f-4840-937c-1868072adf37','dd650097-4b59-4dae-8d6f-eec585813750','dd650097-4b59-4dae-8d6f-eec585813750'),('0b855b65-e4d5-4636-b1eb-b1fe32e7d208','RT-XUHONG-2','xuhong','2019-10-04 16:21:50',NULL,_binary '\0',NULL,'2019-10-04 16:21:50','RT-XUHONG-2','',3,0,2,'','BM Approver approved, Function approver please view the budget plan.','669ccc57-ae77-41cf-99f9-2ded822cbcf1','f56ad9c8-e92a-43ff-b101-be4cfa20558f','8e0928fe-49ee-48de-ae9d-ba5f855aed56'),('216c7373-f7e8-4876-b275-41cb8e6b3f60','RT-XUHONG-27','xuhong','2019-10-05 03:22:50',NULL,_binary '\0','xuhong','2019-10-05 03:23:11','RT-XUHONG-27','',4,1,2,'asdfds','BM Approver please view the budget plan.','218dbe9c-71fe-4b86-9b31-3a3fc9eedecd','dd650097-4b59-4dae-8d6f-eec585813750','8e0928fe-49ee-48de-ae9d-ba5f855aed56'),('259bb368-fe65-48b4-9b78-38c31b954435','RT-XUHONG-7','xuhong','2019-10-04 16:46:11',NULL,_binary '\0','xuhong','2019-10-04 16:49:10','RT-XUHONG-7','',5,2,2,'rejjjjjject','BM Approver please view the budget plan.','26a96f83-3689-4a6b-8fd9-2dc90d503d38','dd650097-4b59-4dae-8d6f-eec585813750','8e0928fe-49ee-48de-ae9d-ba5f855aed56'),('369bee2c-eb65-42a3-a492-9f5d312f8afd','RT-XUHONG-28','xuhong','2019-10-05 03:23:11',NULL,_binary '\0',NULL,'2019-10-05 03:23:12','RT-XUHONG-28','',6,0,2,'','BM Approver approved, Function approver please view the budget plan.','218dbe9c-71fe-4b86-9b31-3a3fc9eedecd','f56ad9c8-e92a-43ff-b101-be4cfa20558f','8e0928fe-49ee-48de-ae9d-ba5f855aed56'),('381e0faf-feed-4431-8a6a-646f46e1aed5','RT-XUHONG-29','xuhong','2019-10-05 03:25:15',NULL,_binary '\0','xuhong','2019-10-05 03:25:46','RT-XUHONG-29','',7,1,2,'bm approved','BM Approver please view the budget plan.','69141a51-b072-4f1c-94df-df4af18a62e6','dd650097-4b59-4dae-8d6f-eec585813750','8e0928fe-49ee-48de-ae9d-ba5f855aed56'),('3d2a1714-db39-4254-aae3-d6caa1c24a22','RT-ADMIN-16','admin','2019-10-04 18:51:04',NULL,_binary '\0',NULL,'2019-10-04 18:51:04','RT-ADMIN-16','',8,0,2,'','BM Approver please view the budget plan.','6f393b36-0298-44f9-ab69-a2c3fa64aecb','dd650097-4b59-4dae-8d6f-eec585813750','f56ad9c8-e92a-43ff-b101-be4cfa20558f'),('455db2a1-5744-47d4-b7b4-6ae26a11e9c4','RT-XUHONG-32','xuhong','2019-10-05 03:30:55',NULL,_binary '\0','xuhong','2019-10-05 03:31:34','RT-XUHONG-32','',9,1,2,NULL,'BM Approver please view the budget plan.','89863b27-cb3c-4d53-94af-f42161bac3cc','dd650097-4b59-4dae-8d6f-eec585813750','8e0928fe-49ee-48de-ae9d-ba5f855aed56'),('4f7cfc31-d8fb-4b5e-aa42-b202f11028f7','RT-XUHONG-20','xuhong','2019-10-05 03:07:00',NULL,_binary '\0','xuhong','2019-10-05 03:07:47','RT-XUHONG-20','',10,2,2,'not good','BM Approver please view the budget plan.','55e07d7c-5a82-40eb-b19b-d9d1a1894cc8','dd650097-4b59-4dae-8d6f-eec585813750','8e0928fe-49ee-48de-ae9d-ba5f855aed56'),('52c25f61-e823-4258-9398-19372a056166','RT-YINGSHI2502-38','yingshi2502','2019-10-05 06:35:57',NULL,_binary '\0','yingshi2502','2019-10-05 06:36:21','RT-YINGSHI2502-38','',11,1,2,'Yingshi: Approve BM','BM Approver please view the budget plan.','7d0cd03d-9150-4060-81f1-a7fe2bdfdc8c','dd650097-4b59-4dae-8d6f-eec585813750','dd650097-4b59-4dae-8d6f-eec585813750'),('54b14c56-e743-43a7-8ee1-1657e75d2805','RT-XUHONG-36','xuhong','2019-10-05 03:36:25',NULL,_binary '\0',NULL,'2019-10-05 03:36:25','RT-XUHONG-36','',12,0,2,'','BM Approver approved, Function approver please view the budget plan.','aa656742-765d-4202-968a-732d1d2e6d93','f56ad9c8-e92a-43ff-b101-be4cfa20558f','8e0928fe-49ee-48de-ae9d-ba5f855aed56'),('57922504-6676-48bf-b839-bd355fa09642','RT-YINGSHI2502-39','yingshi2502','2019-10-05 06:36:21',NULL,_binary '\0',NULL,'2019-10-05 06:36:21','RT-YINGSHI2502-39','',13,0,2,'','BM Approver approved, Function approver please view the budget plan.','7d0cd03d-9150-4060-81f1-a7fe2bdfdc8c','f56ad9c8-e92a-43ff-b101-be4cfa20558f','dd650097-4b59-4dae-8d6f-eec585813750'),('5b7cf4a4-0994-421d-b1b9-94be0ccf232d','RT-XUHONG-3','xuhong','2019-10-04 16:23:37',NULL,_binary '\0','xuhong','2019-10-04 16:37:01','RT-XUHONG-3','',14,1,2,'adfpp','BM Approver please view the budget plan.','0945a3ed-81d7-43d7-b8ec-f4d904cc9f4c','dd650097-4b59-4dae-8d6f-eec585813750','8e0928fe-49ee-48de-ae9d-ba5f855aed56'),('600902bb-e465-459c-9282-a6d2512f6315','RT-ADMIN-34','admin','2019-10-05 03:34:13',NULL,_binary '\0',NULL,'2019-10-05 03:34:13','RT-ADMIN-34','',15,0,2,'','BM Approver please view the budget plan.','27d6abe2-c756-41aa-8a2b-cee8b7e5c0b0','dd650097-4b59-4dae-8d6f-eec585813750','f56ad9c8-e92a-43ff-b101-be4cfa20558f'),('678c479a-b81b-439c-bee8-a5e2e987a6eb','RT-YINGSHI2502-13','yingshi2502','2019-10-04 17:31:15',NULL,_binary '\0',NULL,'2019-10-04 17:31:16','RT-YINGSHI2502-13','',16,0,2,'','BM Approver please view the budget plan.','ef318018-df64-4717-963a-b306b0741b27','dd650097-4b59-4dae-8d6f-eec585813750','dd650097-4b59-4dae-8d6f-eec585813750'),('69550ef9-c95b-4d03-9cbf-1d98770cc3c7','RT-XUHONG-1','xuhong','2019-10-04 16:21:18',NULL,_binary '\0','xuhong','2019-10-04 16:21:50','RT-XUHONG-1','',17,1,2,'Yingshi: BM Approve!','BM Approver please view the budget plan.','669ccc57-ae77-41cf-99f9-2ded822cbcf1','dd650097-4b59-4dae-8d6f-eec585813750','8e0928fe-49ee-48de-ae9d-ba5f855aed56'),('69ace335-d82b-4873-a625-8742d4dfe064','RT-XUHONG-35','xuhong','2019-10-05 03:36:09',NULL,_binary '\0','xuhong','2019-10-05 03:36:25','RT-XUHONG-35','',18,1,2,NULL,'BM Approver please view the budget plan.','aa656742-765d-4202-968a-732d1d2e6d93','dd650097-4b59-4dae-8d6f-eec585813750','8e0928fe-49ee-48de-ae9d-ba5f855aed56'),('6cdc8735-2c42-4cdb-82bc-c790d3fa82bf','RT-XUHONG-30','xuhong','2019-10-05 03:25:46',NULL,_binary '\0',NULL,'2019-10-05 03:25:46','RT-XUHONG-30','',19,0,2,'','BM Approver approved, Function approver please view the budget plan.','69141a51-b072-4f1c-94df-df4af18a62e6','f56ad9c8-e92a-43ff-b101-be4cfa20558f','8e0928fe-49ee-48de-ae9d-ba5f855aed56'),('6e30ee79-bff3-435d-abc7-fd709460c525','RT-XUHONG-6','xuhong','2019-10-04 16:37:01',NULL,_binary '\0',NULL,'2019-10-04 16:37:02','RT-XUHONG-6','',20,0,2,'','BM Approver approved, Function approver please view the budget plan.','0945a3ed-81d7-43d7-b8ec-f4d904cc9f4c','f56ad9c8-e92a-43ff-b101-be4cfa20558f','8e0928fe-49ee-48de-ae9d-ba5f855aed56'),('75423417-eefa-4f60-b5b0-7097035d6cfc','RT-XUHONG-26','xuhong','2019-10-05 03:20:37',NULL,_binary '\0',NULL,'2019-10-05 03:20:37','RT-XUHONG-26','',21,0,2,'','BM Approver approved, Function approver please view the budget plan.','f5917493-c610-41f9-8833-7b2cdf3c6347','f56ad9c8-e92a-43ff-b101-be4cfa20558f','8e0928fe-49ee-48de-ae9d-ba5f855aed56'),('81f24f3d-efe2-4061-ad6d-92ad3a42a30c','RT-YINGSHI2502-37','yingshi2502','2019-10-05 06:34:07',NULL,_binary '\0',NULL,'2019-10-05 06:34:07','RT-YINGSHI2502-37','',22,0,2,'','BM Approver please view the budget plan.','a088a495-4e57-48af-931e-9747fbf155f8','dd650097-4b59-4dae-8d6f-eec585813750','dd650097-4b59-4dae-8d6f-eec585813750'),('851de56e-26fb-4a01-aa18-da85543742d1','RT-ADMIN-14','admin','2019-10-04 18:46:48',NULL,_binary '\0',NULL,'2019-10-04 18:46:49','RT-ADMIN-14','',23,0,2,'','BM Approver please view the budget plan.','1df6100c-cffe-447d-8467-c3c59fbad3cb','dd650097-4b59-4dae-8d6f-eec585813750','f56ad9c8-e92a-43ff-b101-be4cfa20558f'),('853dee5c-b855-4a62-9871-0613fb82f18b','RT-XUHONG-12','xuhong','2019-10-04 17:04:54',NULL,_binary '\0','xuhong','2019-10-04 17:05:14','RT-XUHONG-12','',24,2,2,'afd','BM Approver please view the budget plan.','6144ed12-2d1c-46aa-818e-86c2f6dc6bdd','dd650097-4b59-4dae-8d6f-eec585813750','8e0928fe-49ee-48de-ae9d-ba5f855aed56'),('99b14f99-1b13-424f-90b1-483080fa8ec8','RT-XUHONG-31','xuhong','2019-10-05 03:29:49',NULL,_binary '\0',NULL,'2019-10-05 03:29:49','RT-XUHONG-31','',25,0,2,'','BM Approver please view the budget plan.','7d1352d9-97c0-4a6b-9545-683e0a61f7f4','dd650097-4b59-4dae-8d6f-eec585813750','8e0928fe-49ee-48de-ae9d-ba5f855aed56'),('9d5e798b-7088-4507-9ad9-82a2e54b0a45','RT-XUHONG-10','xuhong','2019-10-04 17:02:45',NULL,_binary '\0','xuhong','2019-10-04 17:03:16','RT-XUHONG-10','',26,1,2,'a','BM Approver please view the budget plan.','71fa566c-6858-402d-9eae-660fc9deddef','dd650097-4b59-4dae-8d6f-eec585813750','8e0928fe-49ee-48de-ae9d-ba5f855aed56'),('ad6e6930-b645-4b9f-84ba-d803bafc9a4c','RT-XUHONG-19','xuhong','2019-10-05 03:05:02',NULL,_binary '\0',NULL,'2019-10-05 03:05:02','RT-XUHONG-19','',27,0,2,'','BM Approver please view the budget plan.','49d17b0d-34dd-4efe-ac68-e021d39bd307','dd650097-4b59-4dae-8d6f-eec585813750','8e0928fe-49ee-48de-ae9d-ba5f855aed56'),('ae80618d-fdb2-49f5-aa24-bc8a9b7898a3','RT-XUHONG-24','xuhong','2019-10-05 03:19:40',NULL,_binary '\0','xuhong','2019-10-05 03:20:05','RT-XUHONG-24','',28,1,2,NULL,'BM Approver please view the budget plan.','bf5cd707-5442-4015-be5a-e611fe9885c9','dd650097-4b59-4dae-8d6f-eec585813750','8e0928fe-49ee-48de-ae9d-ba5f855aed56'),('bdeb5efb-f007-4ed0-8f60-524cc1390891','RT-XUHONG-25','xuhong','2019-10-05 03:20:05',NULL,_binary '\0',NULL,'2019-10-05 03:20:05','RT-XUHONG-25','',29,0,2,'','BM Approver approved, Function approver please view the budget plan.','bf5cd707-5442-4015-be5a-e611fe9885c9','f56ad9c8-e92a-43ff-b101-be4cfa20558f','8e0928fe-49ee-48de-ae9d-ba5f855aed56'),('be0b8662-a8b5-4e3e-a0f3-4d888a754fef','RT-XUHONG-21','xuhong','2019-10-05 03:08:29',NULL,_binary '\0','xuhong','2019-10-05 03:08:57','RT-XUHONG-21','',30,1,2,'approve, this it better','BM Approver please view the budget plan.','595b2958-d3b6-4514-8818-9e5a379f6eb1','dd650097-4b59-4dae-8d6f-eec585813750','8e0928fe-49ee-48de-ae9d-ba5f855aed56'),('d3dbb026-f137-4a94-a98a-bd2cf0cde24c','RT-XUHONG-33','xuhong','2019-10-05 03:31:34',NULL,_binary '\0',NULL,'2019-10-05 03:31:35','RT-XUHONG-33','',31,0,2,'','BM Approver approved, Function approver please view the budget plan.','89863b27-cb3c-4d53-94af-f42161bac3cc','f56ad9c8-e92a-43ff-b101-be4cfa20558f','8e0928fe-49ee-48de-ae9d-ba5f855aed56'),('d4099ccd-940d-4a0e-883c-a881cb38732c','RT-XUHONG-4','xuhong','2019-10-04 16:25:15',NULL,_binary '\0','xuhong','2019-10-04 16:36:19','RT-XUHONG-4','',32,1,2,'bm approved: Yingshi2502','BM Approver please view the budget plan.','f5686d11-0c34-40bd-8798-43ef820ba53d','dd650097-4b59-4dae-8d6f-eec585813750','8e0928fe-49ee-48de-ae9d-ba5f855aed56'),('d79b394f-ef87-499b-8636-1cdfeeadda4f','RT-XUHONG-23','xuhong','2019-10-05 03:18:01',NULL,_binary '\0','xuhong','2019-10-05 03:20:36','RT-XUHONG-23','',33,1,2,NULL,'BM Approver please view the budget plan.','f5917493-c610-41f9-8833-7b2cdf3c6347','dd650097-4b59-4dae-8d6f-eec585813750','8e0928fe-49ee-48de-ae9d-ba5f855aed56'),('dd30e791-a333-4770-95dc-5004fc76bf1c','RT-XUHONG-5','xuhong','2019-10-04 16:36:19',NULL,_binary '\0',NULL,'2019-10-04 16:36:19','RT-XUHONG-5','',34,0,2,'','BM Approver approved, Function approver please view the budget plan.','f5686d11-0c34-40bd-8798-43ef820ba53d','f56ad9c8-e92a-43ff-b101-be4cfa20558f','8e0928fe-49ee-48de-ae9d-ba5f855aed56'),('de8851bf-e131-448f-8e79-5a675244b0fa','RT-XUHONG-18','xuhong','2019-10-05 03:02:42',NULL,_binary '\0',NULL,'2019-10-05 03:02:42','RT-XUHONG-18','',35,0,2,'','BM Approver please view the budget plan.','b5eaff66-48da-42eb-897f-2eb8735bed53','dd650097-4b59-4dae-8d6f-eec585813750','8e0928fe-49ee-48de-ae9d-ba5f855aed56'),('e5cc4458-3424-4beb-9aa7-f20ac6606786','RT-XUHONG-22','xuhong','2019-10-05 03:08:57',NULL,_binary '\0',NULL,'2019-10-05 03:08:57','RT-XUHONG-22','',36,0,2,'','BM Approver approved, Function approver please view the budget plan.','595b2958-d3b6-4514-8818-9e5a379f6eb1','f56ad9c8-e92a-43ff-b101-be4cfa20558f','8e0928fe-49ee-48de-ae9d-ba5f855aed56'),('e5de04f5-3656-4de1-ada2-c6dac3b094a3','RT-XUHONG-11','xuhong','2019-10-04 17:03:16',NULL,_binary '\0',NULL,'2019-10-04 17:03:17','RT-XUHONG-11','',37,0,2,'','BM Approver approved, Function approver please view the budget plan.','71fa566c-6858-402d-9eae-660fc9deddef','f56ad9c8-e92a-43ff-b101-be4cfa20558f','8e0928fe-49ee-48de-ae9d-ba5f855aed56'),('e926ae81-fa94-49eb-b5f5-39d68dca4a6e','RT-ADMIN-17','admin','2019-10-04 19:56:49',NULL,_binary '\0',NULL,'2019-10-04 19:56:49','RT-ADMIN-17','',38,0,2,'','BM Approver please view the budget plan.','78f48f1d-41f0-4a81-b863-d7d8852b2b46','dd650097-4b59-4dae-8d6f-eec585813750','f56ad9c8-e92a-43ff-b101-be4cfa20558f'),('f7994577-1143-458b-b8f4-8cf83a6aee9b','RT-YINGSHI2502-9','yingshi2502','2019-10-04 17:01:06',NULL,_binary '\0','yingshi2502','2019-10-04 17:01:26','RT-YINGSHI2502-9','',39,2,2,'reject myself','BM Approver please view the budget plan.','92dbf151-bd04-435a-92d9-d7c4ed2c874d','dd650097-4b59-4dae-8d6f-eec585813750','dd650097-4b59-4dae-8d6f-eec585813750');
/*!40000 ALTER TABLE `approval_for_request` ENABLE KEYS */;
UNLOCK TABLES;

--
-- Dumping data for table `audit_trail_activity`
--

LOCK TABLES `audit_trail_activity` WRITE;
/*!40000 ALTER TABLE `audit_trail_activity` DISABLE KEYS */;
INSERT INTO `audit_trail_activity` VALUES (125,'getAllAuditTrailRecordsWithUsername','2019-10-04 17:28:03',NULL,'dd650097-4b59-4dae-8d6f-eec585813750'),(126,'getAllCurrencies','2019-10-04 17:28:17',NULL,'dd650097-4b59-4dae-8d6f-eec585813750'),(127,'getAllCurrencies','2019-10-04 17:29:13',NULL,'dd650097-4b59-4dae-8d6f-eec585813750'),(128,'getAllCurrencies','2019-10-04 17:31:04',NULL,'dd650097-4b59-4dae-8d6f-eec585813750'),(129,'getAllCurrencies','2019-10-04 17:33:53',NULL,'dd650097-4b59-4dae-8d6f-eec585813750'),(130,'getAllCurrencies','2019-10-04 17:38:52',NULL,'dd650097-4b59-4dae-8d6f-eec585813750'),(131,'viewFxRecords','2019-10-04 17:38:57',NULL,'dd650097-4b59-4dae-8d6f-eec585813750'),(132,'viewFxRecords','2019-10-04 17:39:03',NULL,'dd650097-4b59-4dae-8d6f-eec585813750'),(133,'viewFxRecords','2019-10-04 17:40:51',NULL,'dd650097-4b59-4dae-8d6f-eec585813750'),(134,'getAllCountries','2019-10-04 17:54:30',NULL,'f56ad9c8-e92a-43ff-b101-be4cfa20558f'),(135,'getAllCurrencies','2019-10-04 18:34:42',NULL,'dd650097-4b59-4dae-8d6f-eec585813750'),(136,'retrieveSimpleCostCentersByUser','2019-10-04 18:34:42',NULL,'dd650097-4b59-4dae-8d6f-eec585813750'),(137,'getAllCurrencies','2019-10-04 18:38:53',NULL,'dd650097-4b59-4dae-8d6f-eec585813750'),(138,'retrieveSimpleCostCentersByUser','2019-10-04 18:38:53',NULL,'dd650097-4b59-4dae-8d6f-eec585813750'),(139,'retrieveSimpleCostCentersByUser','2019-10-04 18:40:03',NULL,'dd650097-4b59-4dae-8d6f-eec585813750'),(140,'retrieveSimpleCostCentersByUser','2019-10-04 18:40:10',NULL,'dd650097-4b59-4dae-8d6f-eec585813750'),(141,'getAllCurrencies','2019-10-04 18:40:10',NULL,'dd650097-4b59-4dae-8d6f-eec585813750'),(142,'retrieveSimpleCostCentersByUser','2019-10-04 18:42:25',NULL,'dd650097-4b59-4dae-8d6f-eec585813750'),(143,'getAllCurrencies','2019-10-04 18:42:25',NULL,'dd650097-4b59-4dae-8d6f-eec585813750'),(144,'retrieveSimpleCostCentersByUser','2019-10-04 18:43:20',NULL,'dd650097-4b59-4dae-8d6f-eec585813750'),(145,'getAllCurrencies','2019-10-04 18:43:20',NULL,'dd650097-4b59-4dae-8d6f-eec585813750'),(146,'getAllCurrencies','2019-10-04 18:43:25',NULL,'dd650097-4b59-4dae-8d6f-eec585813750'),(147,'retrieveSimpleCostCentersByUser','2019-10-04 18:43:25',NULL,'dd650097-4b59-4dae-8d6f-eec585813750'),(148,'getAllCurrencies','2019-10-04 18:44:22',NULL,'dd650097-4b59-4dae-8d6f-eec585813750'),(149,'getAllCurrencies','2019-10-04 18:44:30',NULL,'dd650097-4b59-4dae-8d6f-eec585813750'),(150,'retrieveSimpleCostCentersByUser','2019-10-04 18:44:30',NULL,'dd650097-4b59-4dae-8d6f-eec585813750'),(151,'getAllEmployees','2019-10-04 18:44:38',NULL,'dd650097-4b59-4dae-8d6f-eec585813750'),(152,'getAllCurrencies','2019-10-04 18:44:44',NULL,'dd650097-4b59-4dae-8d6f-eec585813750'),(153,'retrieveSimpleCostCentersByUser','2019-10-04 18:44:44',NULL,'dd650097-4b59-4dae-8d6f-eec585813750'),(154,'getAllCurrencies','2019-10-04 18:46:33',NULL,'dd650097-4b59-4dae-8d6f-eec585813750'),(155,'retrieveSimpleCostCentersByUser','2019-10-04 18:46:33',NULL,'dd650097-4b59-4dae-8d6f-eec585813750'),(156,'retrieveSimpleCostCentersByUser','2019-10-04 18:47:04',NULL,'dd650097-4b59-4dae-8d6f-eec585813750'),(157,'getAllCurrencies','2019-10-04 18:47:04',NULL,'dd650097-4b59-4dae-8d6f-eec585813750'),(158,'getAllCurrencies','2019-10-04 18:49:27',NULL,'dd650097-4b59-4dae-8d6f-eec585813750'),(159,'retrieveSimpleCostCentersByUser','2019-10-04 18:49:27',NULL,'dd650097-4b59-4dae-8d6f-eec585813750'),(160,'getAllCurrencies','2019-10-04 18:50:44',NULL,'dd650097-4b59-4dae-8d6f-eec585813750'),(161,'getAllCurrencies','2019-10-04 18:51:48',NULL,'dd650097-4b59-4dae-8d6f-eec585813750'),(162,'retrieveSimpleCostCentersByUser','2019-10-04 18:51:48',NULL,'dd650097-4b59-4dae-8d6f-eec585813750'),(165,'getAllEmployees','2019-10-04 18:53:45',NULL,'dd650097-4b59-4dae-8d6f-eec585813750'),(166,'getAllEmployees','2019-10-04 18:55:22',NULL,'dd650097-4b59-4dae-8d6f-eec585813750'),(167,'getAllCurrencies','2019-10-04 18:57:39',NULL,'dd650097-4b59-4dae-8d6f-eec585813750'),(168,'getAllCountries','2019-10-04 18:57:51',NULL,'f56ad9c8-e92a-43ff-b101-be4cfa20558f'),(169,'getAllCountries','2019-10-04 18:57:51',NULL,'dd650097-4b59-4dae-8d6f-eec585813750'),(170,'getAllCountries','2019-10-04 19:01:09',NULL,'f56ad9c8-e92a-43ff-b101-be4cfa20558f'),(171,'getAllCountries','2019-10-04 19:01:09',NULL,'dd650097-4b59-4dae-8d6f-eec585813750'),(172,'getAllCountries','2019-10-04 19:03:38',NULL,'f56ad9c8-e92a-43ff-b101-be4cfa20558f'),(173,'getAllCountries','2019-10-04 19:05:16',NULL,'f56ad9c8-e92a-43ff-b101-be4cfa20558f'),(174,'getAllCountries','2019-10-04 19:05:16',NULL,'dd650097-4b59-4dae-8d6f-eec585813750'),(175,'getAllCountries','2019-10-04 19:06:45',NULL,'f56ad9c8-e92a-43ff-b101-be4cfa20558f'),(176,'getAllCountries','2019-10-04 19:06:45',NULL,'dd650097-4b59-4dae-8d6f-eec585813750'),(177,'getAllCountries','2019-10-04 19:12:45',NULL,'f56ad9c8-e92a-43ff-b101-be4cfa20558f'),(178,'getAllCountries','2019-10-04 19:12:45',NULL,'dd650097-4b59-4dae-8d6f-eec585813750'),(179,'getAllCountries','2019-10-04 19:13:09',NULL,'f56ad9c8-e92a-43ff-b101-be4cfa20558f'),(180,'getAllCountries','2019-10-04 19:13:09',NULL,'dd650097-4b59-4dae-8d6f-eec585813750'),(181,'getAllCountries','2019-10-04 19:13:33',NULL,'f56ad9c8-e92a-43ff-b101-be4cfa20558f'),(182,'getAllCountries','2019-10-04 19:13:33',NULL,'dd650097-4b59-4dae-8d6f-eec585813750'),(183,'getAllCountries','2019-10-04 19:14:37',NULL,'f56ad9c8-e92a-43ff-b101-be4cfa20558f'),(184,'getAllCountries','2019-10-04 19:14:37',NULL,'dd650097-4b59-4dae-8d6f-eec585813750'),(185,'getAllCountries','2019-10-04 19:15:18',NULL,'f56ad9c8-e92a-43ff-b101-be4cfa20558f'),(186,'getAllCountries','2019-10-04 19:15:18',NULL,'dd650097-4b59-4dae-8d6f-eec585813750'),(187,'retrieveSimpleCostCentersByUser','2019-10-04 19:15:23',NULL,'dd650097-4b59-4dae-8d6f-eec585813750'),(188,'getAllCurrencies','2019-10-04 19:15:23',NULL,'dd650097-4b59-4dae-8d6f-eec585813750'),(189,'getAllCurrencies','2019-10-04 19:15:45',NULL,'dd650097-4b59-4dae-8d6f-eec585813750'),(190,'retrieveSimpleCostCentersByUser','2019-10-04 19:15:45',NULL,'dd650097-4b59-4dae-8d6f-eec585813750'),(191,'retrieveSimpleCostCentersByUser','2019-10-04 19:16:32',NULL,'dd650097-4b59-4dae-8d6f-eec585813750'),(192,'getAllCurrencies','2019-10-04 19:16:32',NULL,'dd650097-4b59-4dae-8d6f-eec585813750'),(193,'getAllCurrencies','2019-10-04 19:17:02',NULL,'dd650097-4b59-4dae-8d6f-eec585813750'),(194,'retrieveSimpleCostCentersByUser','2019-10-04 19:17:02',NULL,'dd650097-4b59-4dae-8d6f-eec585813750'),(195,'retrieveSimpleCostCentersByUser','2019-10-04 19:17:16',NULL,'dd650097-4b59-4dae-8d6f-eec585813750'),(196,'getAllCurrencies','2019-10-04 19:17:16',NULL,'dd650097-4b59-4dae-8d6f-eec585813750'),(197,'getAllCurrencies','2019-10-04 19:18:13',NULL,'dd650097-4b59-4dae-8d6f-eec585813750'),(198,'retrieveSimpleCostCentersByUser','2019-10-04 19:18:13',NULL,'dd650097-4b59-4dae-8d6f-eec585813750'),(199,'getCountryByUuid','2019-10-04 19:32:51',NULL,'dd650097-4b59-4dae-8d6f-eec585813750'),(201,'getAllCurrencies','2019-10-04 19:44:03',NULL,'dd650097-4b59-4dae-8d6f-eec585813750'),(202,'retrieveSimpleCostCentersByUser','2019-10-04 19:44:03',NULL,'dd650097-4b59-4dae-8d6f-eec585813750'),(203,'retrieveSimpleCostCentersByUser','2019-10-04 19:49:21',NULL,'dd650097-4b59-4dae-8d6f-eec585813750'),(204,'getAllCurrencies','2019-10-04 19:49:21',NULL,'dd650097-4b59-4dae-8d6f-eec585813750'),(205,'getAllCurrencies','2019-10-04 19:53:46',NULL,'dd650097-4b59-4dae-8d6f-eec585813750'),(206,'retrieveSimpleCostCentersByUser','2019-10-04 19:53:46',NULL,'dd650097-4b59-4dae-8d6f-eec585813750'),(207,'retrieveSimpleCostCentersByUser','2019-10-04 19:54:12',NULL,'dd650097-4b59-4dae-8d6f-eec585813750'),(208,'getAllCurrencies','2019-10-04 19:54:12',NULL,'dd650097-4b59-4dae-8d6f-eec585813750'),(209,'retrieveSimpleCostCentersByUser','2019-10-04 19:54:21',NULL,'dd650097-4b59-4dae-8d6f-eec585813750'),(210,'getAllCurrencies','2019-10-04 19:54:21',NULL,'dd650097-4b59-4dae-8d6f-eec585813750'),(211,'retrieveSimpleCostCentersByUser','2019-10-04 19:54:39',NULL,'dd650097-4b59-4dae-8d6f-eec585813750'),(212,'getAllCurrencies','2019-10-04 19:54:39',NULL,'dd650097-4b59-4dae-8d6f-eec585813750'),(213,'getAllCurrencies','2019-10-04 19:56:06',NULL,'dd650097-4b59-4dae-8d6f-eec585813750'),(215,'getAllAuditTrailRecordsWithUsername','2019-10-04 22:08:19',NULL,'dd650097-4b59-4dae-8d6f-eec585813750'),(216,'getAllAuditTrailRecordsWithUsername','2019-10-04 22:08:38',NULL,'dd650097-4b59-4dae-8d6f-eec585813750'),(217,'getAllAuditTrailRecordsWithUsername','2019-10-04 22:08:44',NULL,'dd650097-4b59-4dae-8d6f-eec585813750'),(218,'getAllAuditTrailRecordsWithUsername','2019-10-04 22:10:29',NULL,'dd650097-4b59-4dae-8d6f-eec585813750'),(219,'getAllAuditTrailRecordsWithUsername','2019-10-04 22:11:29',NULL,'dd650097-4b59-4dae-8d6f-eec585813750'),(220,'getAllAuditTrailRecordsWithUsername','2019-10-04 22:11:59',NULL,'dd650097-4b59-4dae-8d6f-eec585813750'),(221,'getAllCurrencies','2019-10-04 22:12:47',NULL,'dd650097-4b59-4dae-8d6f-eec585813750'),(222,'viewFxRecords','2019-10-04 22:12:52',NULL,'dd650097-4b59-4dae-8d6f-eec585813750'),(223,'getAllCurrencies','2019-10-04 22:16:00',NULL,'dd650097-4b59-4dae-8d6f-eec585813750'),(224,'getAllAuditTrailRecordsWithUsername','2019-10-04 22:16:04',NULL,'dd650097-4b59-4dae-8d6f-eec585813750'),(225,'getAllAuditTrailRecordsWithUsername','2019-10-04 22:16:23',NULL,'dd650097-4b59-4dae-8d6f-eec585813750'),(226,'getAllAuditTrailRecordsWithUsername','2019-10-04 22:16:32',NULL,'dd650097-4b59-4dae-8d6f-eec585813750'),(227,'getAllAuditTrailRecordsWithUsername','2019-10-04 22:18:18',NULL,'dd650097-4b59-4dae-8d6f-eec585813750'),(228,'getAllCurrencies','2019-10-04 22:19:32',NULL,'dd650097-4b59-4dae-8d6f-eec585813750'),(229,'viewFxRecords','2019-10-04 22:19:34',NULL,'dd650097-4b59-4dae-8d6f-eec585813750'),(230,'getAllCurrencies','2019-10-04 22:19:49',NULL,'dd650097-4b59-4dae-8d6f-eec585813750'),(231,'getAllCountries','2019-10-04 22:20:02',NULL,'f56ad9c8-e92a-43ff-b101-be4cfa20558f'),(232,'getAllCountries','2019-10-04 22:20:02',NULL,'dd650097-4b59-4dae-8d6f-eec585813750'),(233,'getAllCountries','2019-10-04 22:20:21',NULL,'f56ad9c8-e92a-43ff-b101-be4cfa20558f'),(234,'getAllCountries','2019-10-04 22:20:21',NULL,'dd650097-4b59-4dae-8d6f-eec585813750'),(236,'getAllAuditTrailRecordsWithUsername','2019-10-04 22:24:10',NULL,'dd650097-4b59-4dae-8d6f-eec585813750'),(237,'getAllAuditTrailRecordsWithUsername','2019-10-04 22:24:34',NULL,'dd650097-4b59-4dae-8d6f-eec585813750'),(238,'getAllAuditTrailRecordsWithUsername','2019-10-04 22:24:59',NULL,'dd650097-4b59-4dae-8d6f-eec585813750'),(239,'getAllAuditTrailRecordsWithUsername','2019-10-04 22:25:07',NULL,'dd650097-4b59-4dae-8d6f-eec585813750'),(240,'getAllAuditTrailRecordsWithUsername','2019-10-04 22:26:12',NULL,'dd650097-4b59-4dae-8d6f-eec585813750'),(241,'getAllAuditTrailRecordsWithUsername','2019-10-04 22:26:54',NULL,'dd650097-4b59-4dae-8d6f-eec585813750'),(245,'getAllCountries','2019-10-04 23:05:57',NULL,'f56ad9c8-e92a-43ff-b101-be4cfa20558f'),(246,'getAllCountries','2019-10-04 23:57:20',NULL,'f56ad9c8-e92a-43ff-b101-be4cfa20558f'),(247,'getAllRegions','2019-10-04 23:57:20',NULL,'dd650097-4b59-4dae-8d6f-eec585813750'),(248,'getAllOffices','2019-10-04 23:57:20',NULL,'dd650097-4b59-4dae-8d6f-eec585813750'),(249,'getAllCountries','2019-10-04 23:57:20',NULL,'dd650097-4b59-4dae-8d6f-eec585813750'),(250,'getAllOffices','2019-10-04 23:58:41',NULL,'dd650097-4b59-4dae-8d6f-eec585813750'),(251,'getAllRegions','2019-10-04 23:58:41',NULL,'dd650097-4b59-4dae-8d6f-eec585813750'),(252,'getAllCountries','2019-10-04 23:58:41',NULL,'f56ad9c8-e92a-43ff-b101-be4cfa20558f'),(253,'getAllCountries','2019-10-04 23:58:41',NULL,'dd650097-4b59-4dae-8d6f-eec585813750'),(254,'getAllRegions','2019-10-05 00:00:40',NULL,'dd650097-4b59-4dae-8d6f-eec585813750'),(255,'getAllCountries','2019-10-05 00:00:40',NULL,'f56ad9c8-e92a-43ff-b101-be4cfa20558f'),(256,'getAllOffices','2019-10-05 00:00:40',NULL,'dd650097-4b59-4dae-8d6f-eec585813750'),(257,'getAllCountries','2019-10-05 00:00:40',NULL,'dd650097-4b59-4dae-8d6f-eec585813750'),(258,'getAllCurrencies','2019-10-05 00:17:04',NULL,'dd650097-4b59-4dae-8d6f-eec585813750'),(259,'getAllCountries','2019-10-05 00:17:18',NULL,'f56ad9c8-e92a-43ff-b101-be4cfa20558f'),(260,'getAllCountries','2019-10-05 00:26:26',NULL,'f56ad9c8-e92a-43ff-b101-be4cfa20558f'),(261,'getAllRegions','2019-10-05 00:31:49',NULL,'dd650097-4b59-4dae-8d6f-eec585813750'),(262,'getAllCountries','2019-10-05 00:31:49',NULL,'f56ad9c8-e92a-43ff-b101-be4cfa20558f'),(263,'getAllOffices','2019-10-05 00:31:49',NULL,'dd650097-4b59-4dae-8d6f-eec585813750'),(264,'getAllCountries','2019-10-05 00:31:49',NULL,'dd650097-4b59-4dae-8d6f-eec585813750'),(265,'getAllOffices','2019-10-05 00:34:31',NULL,'dd650097-4b59-4dae-8d6f-eec585813750'),(266,'getAllRegions','2019-10-05 00:34:31',NULL,'dd650097-4b59-4dae-8d6f-eec585813750'),(267,'getAllCountries','2019-10-05 00:34:31',NULL,'f56ad9c8-e92a-43ff-b101-be4cfa20558f'),(268,'getAllCountries','2019-10-05 00:34:31',NULL,'dd650097-4b59-4dae-8d6f-eec585813750'),(269,'getAllCountries','2019-10-05 01:27:07',NULL,'f56ad9c8-e92a-43ff-b101-be4cfa20558f'),(270,'getCountryByUuid','2019-10-05 01:28:30',NULL,'dd650097-4b59-4dae-8d6f-eec585813750'),(271,'getCountryByUuid','2019-10-05 01:44:55',NULL,'dd650097-4b59-4dae-8d6f-eec585813750'),(272,'getCountryByUuid','2019-10-05 02:02:13',NULL,'dd650097-4b59-4dae-8d6f-eec585813750'),(273,'getCountryByUuid','2019-10-05 02:02:18',NULL,'dd650097-4b59-4dae-8d6f-eec585813750'),(274,'getCountryByUuid','2019-10-05 02:23:38',NULL,'dd650097-4b59-4dae-8d6f-eec585813750'),(275,'getCountryByUuid','2019-10-05 02:27:41',NULL,'dd650097-4b59-4dae-8d6f-eec585813750'),(279,'retrieveSimpleCostCentersByUser','2019-10-05 02:41:03',NULL,'dd650097-4b59-4dae-8d6f-eec585813750'),(280,'getAllCurrencies','2019-10-05 02:41:03',NULL,'dd650097-4b59-4dae-8d6f-eec585813750'),(281,'getAllCurrencies','2019-10-05 02:41:13',NULL,'dd650097-4b59-4dae-8d6f-eec585813750'),(282,'retrieveSimpleCostCentersByUser','2019-10-05 02:41:13',NULL,'dd650097-4b59-4dae-8d6f-eec585813750'),(283,'retrieveSimpleCostCentersByUser','2019-10-05 02:48:34',NULL,'dd650097-4b59-4dae-8d6f-eec585813750'),(284,'getAllCurrencies','2019-10-05 02:48:34',NULL,'dd650097-4b59-4dae-8d6f-eec585813750'),(285,'getAllCurrencies','2019-10-05 02:48:42',NULL,'dd650097-4b59-4dae-8d6f-eec585813750'),(286,'retrieveSimpleCostCentersByUser','2019-10-05 02:48:42',NULL,'dd650097-4b59-4dae-8d6f-eec585813750'),(287,'getAllCurrencies','2019-10-05 02:50:04',NULL,'dd650097-4b59-4dae-8d6f-eec585813750'),(288,'retrieveSimpleCostCentersByUser','2019-10-05 02:50:04',NULL,'dd650097-4b59-4dae-8d6f-eec585813750'),(289,'getAllCurrencies','2019-10-05 02:52:24',NULL,'dd650097-4b59-4dae-8d6f-eec585813750'),(290,'retrieveSimpleCostCentersByUser','2019-10-05 02:52:24',NULL,'dd650097-4b59-4dae-8d6f-eec585813750'),(291,'getAllCurrencies','2019-10-05 02:54:08',NULL,'dd650097-4b59-4dae-8d6f-eec585813750'),(292,'retrieveSimpleCostCentersByUser','2019-10-05 02:54:08',NULL,'dd650097-4b59-4dae-8d6f-eec585813750'),(293,'retrieveSimpleCostCentersByUser','2019-10-05 02:58:10',NULL,'dd650097-4b59-4dae-8d6f-eec585813750'),(294,'getAllCurrencies','2019-10-05 02:58:10',NULL,'dd650097-4b59-4dae-8d6f-eec585813750'),(295,'retrieveSimpleCostCentersByUser','2019-10-05 02:58:23',NULL,'dd650097-4b59-4dae-8d6f-eec585813750'),(296,'getAllCurrencies','2019-10-05 02:58:23',NULL,'dd650097-4b59-4dae-8d6f-eec585813750'),(297,'getAllCurrencies','2019-10-05 02:58:32',NULL,'dd650097-4b59-4dae-8d6f-eec585813750'),(298,'retrieveSimpleCostCentersByUser','2019-10-05 02:58:32',NULL,'dd650097-4b59-4dae-8d6f-eec585813750'),(299,'retrieveSimpleCostCentersByUser','2019-10-05 03:00:08',NULL,'dd650097-4b59-4dae-8d6f-eec585813750'),(300,'getAllCurrencies','2019-10-05 03:00:08',NULL,'dd650097-4b59-4dae-8d6f-eec585813750'),(301,'getAllCurrencies','2019-10-05 03:01:16',NULL,'dd650097-4b59-4dae-8d6f-eec585813750'),(302,'retrieveSimpleCostCentersByUser','2019-10-05 03:01:16',NULL,'dd650097-4b59-4dae-8d6f-eec585813750'),(303,'getCountryByUuid','2019-10-05 03:03:06',NULL,'dd650097-4b59-4dae-8d6f-eec585813750'),(304,'retrieveSimpleCostCentersByUser','2019-10-05 03:03:33',NULL,'dd650097-4b59-4dae-8d6f-eec585813750'),(305,'getAllCurrencies','2019-10-05 03:03:33',NULL,'dd650097-4b59-4dae-8d6f-eec585813750'),(306,'getAllCurrencies','2019-10-05 03:04:08',NULL,'dd650097-4b59-4dae-8d6f-eec585813750'),(307,'getAllCurrencies','2019-10-05 03:04:33',NULL,'dd650097-4b59-4dae-8d6f-eec585813750'),(308,'getAllCurrencies','2019-10-05 03:04:44',NULL,'dd650097-4b59-4dae-8d6f-eec585813750'),(311,'retrieveSimpleCostCentersByUser','2019-10-05 03:06:10',NULL,'dd650097-4b59-4dae-8d6f-eec585813750'),(312,'getAllCurrencies','2019-10-05 03:06:10',NULL,'dd650097-4b59-4dae-8d6f-eec585813750'),(313,'retrieveSimpleCostCentersByUser','2019-10-05 03:06:29',NULL,'dd650097-4b59-4dae-8d6f-eec585813750'),(314,'getAllCurrencies','2019-10-05 03:06:29',NULL,'dd650097-4b59-4dae-8d6f-eec585813750'),(315,'getAllCurrencies','2019-10-05 03:08:05',NULL,'dd650097-4b59-4dae-8d6f-eec585813750'),(316,'getCountryByUuid','2019-10-05 03:10:19',NULL,'dd650097-4b59-4dae-8d6f-eec585813750'),(317,'getAllCurrencies','2019-10-05 03:16:25',NULL,'dd650097-4b59-4dae-8d6f-eec585813750'),(318,'retrieveSimpleCostCentersByUser','2019-10-05 03:16:25',NULL,'dd650097-4b59-4dae-8d6f-eec585813750'),(319,'retrieveSimpleCostCentersByUser','2019-10-05 03:16:49',NULL,'dd650097-4b59-4dae-8d6f-eec585813750'),(320,'getAllCurrencies','2019-10-05 03:16:49',NULL,'dd650097-4b59-4dae-8d6f-eec585813750'),(321,'getCountryByUuid','2019-10-05 03:25:06',NULL,'dd650097-4b59-4dae-8d6f-eec585813750'),(322,'retrieveSimpleCostCentersByUser','2019-10-05 03:33:18',NULL,'dd650097-4b59-4dae-8d6f-eec585813750'),(323,'getAllCurrencies','2019-10-05 03:33:18',NULL,'dd650097-4b59-4dae-8d6f-eec585813750'),(324,'retrieveSimpleCostCentersByUser','2019-10-05 03:33:48',NULL,'dd650097-4b59-4dae-8d6f-eec585813750'),(325,'getAllCurrencies','2019-10-05 03:33:48',NULL,'dd650097-4b59-4dae-8d6f-eec585813750'),(326,'getAllCurrencies','2019-10-05 03:35:48',NULL,'dd650097-4b59-4dae-8d6f-eec585813750'),(327,'retrieveSimpleCostCentersByUser','2019-10-05 03:35:48',NULL,'dd650097-4b59-4dae-8d6f-eec585813750'),(328,'getAllCurrencies','2019-10-05 03:38:25',NULL,'dd650097-4b59-4dae-8d6f-eec585813750'),(329,'getAllCurrencies','2019-10-05 03:39:28',NULL,'dd650097-4b59-4dae-8d6f-eec585813750'),(330,'viewFxRecords','2019-10-05 03:39:33',NULL,'dd650097-4b59-4dae-8d6f-eec585813750'),(331,'viewFxRecords','2019-10-05 03:41:46',NULL,'dd650097-4b59-4dae-8d6f-eec585813750'),(332,'viewFxRecords','2019-10-05 03:42:01',NULL,'dd650097-4b59-4dae-8d6f-eec585813750'),(333,'viewFxRecords','2019-10-05 03:42:05',NULL,'dd650097-4b59-4dae-8d6f-eec585813750'),(334,'viewFxRecords','2019-10-05 03:42:08',NULL,'dd650097-4b59-4dae-8d6f-eec585813750'),(335,'viewFxRecords','2019-10-05 03:42:12',NULL,'dd650097-4b59-4dae-8d6f-eec585813750'),(336,'viewFxRecords','2019-10-05 03:42:37',NULL,'dd650097-4b59-4dae-8d6f-eec585813750'),(337,'viewFxRecords','2019-10-05 03:42:43',NULL,'dd650097-4b59-4dae-8d6f-eec585813750'),(338,'viewFxRecords','2019-10-05 03:42:46',NULL,'dd650097-4b59-4dae-8d6f-eec585813750'),(339,'getAllCountries','2019-10-05 03:42:52',NULL,'f56ad9c8-e92a-43ff-b101-be4cfa20558f'),(340,'getAllCountries','2019-10-05 03:42:52',NULL,'dd650097-4b59-4dae-8d6f-eec585813750'),(341,'getAllEmployees','2019-10-05 03:48:13',NULL,'dd650097-4b59-4dae-8d6f-eec585813750'),(342,'getCountryByUuid','2019-10-05 03:51:33',NULL,'dd650097-4b59-4dae-8d6f-eec585813750'),(343,'getCountryByUuid','2019-10-05 03:55:17',NULL,'dd650097-4b59-4dae-8d6f-eec585813750'),(344,'getCountryByUuid','2019-10-05 03:55:28',NULL,'dd650097-4b59-4dae-8d6f-eec585813750'),(345,'getCountryByUuid','2019-10-05 03:55:48',NULL,'dd650097-4b59-4dae-8d6f-eec585813750'),(346,'getAllCountries','2019-10-05 03:55:49',NULL,'f56ad9c8-e92a-43ff-b101-be4cfa20558f'),(347,'getAllCountries','2019-10-05 03:55:49',NULL,'dd650097-4b59-4dae-8d6f-eec585813750'),(348,'getCountryByUuid','2019-10-05 03:56:42',NULL,'dd650097-4b59-4dae-8d6f-eec585813750'),(349,'getAllCountries','2019-10-05 03:57:46',NULL,'f56ad9c8-e92a-43ff-b101-be4cfa20558f'),(350,'getAllCountries','2019-10-05 03:57:46',NULL,'dd650097-4b59-4dae-8d6f-eec585813750'),(351,'getCountryByUuid','2019-10-05 04:01:18',NULL,'dd650097-4b59-4dae-8d6f-eec585813750'),(352,'getCountryByUuid','2019-10-05 04:03:04',NULL,'dd650097-4b59-4dae-8d6f-eec585813750'),(353,'getCountryByUuid','2019-10-05 04:04:35',NULL,'dd650097-4b59-4dae-8d6f-eec585813750'),(354,'getCountryByUuid','2019-10-05 04:07:28',NULL,'dd650097-4b59-4dae-8d6f-eec585813750'),(355,'getCountryByUuid','2019-10-05 04:08:56',NULL,'dd650097-4b59-4dae-8d6f-eec585813750'),(356,'getCountryByUuid','2019-10-05 04:11:26',NULL,'dd650097-4b59-4dae-8d6f-eec585813750'),(357,'getCountryByUuid','2019-10-05 04:12:52',NULL,'dd650097-4b59-4dae-8d6f-eec585813750'),(358,'getAllCountries','2019-10-05 04:12:56',NULL,'f56ad9c8-e92a-43ff-b101-be4cfa20558f'),(359,'getAllCountries','2019-10-05 04:12:56',NULL,'dd650097-4b59-4dae-8d6f-eec585813750'),(360,'getCountryByUuid','2019-10-05 04:14:31',NULL,'dd650097-4b59-4dae-8d6f-eec585813750'),(361,'getCountryByUuid','2019-10-05 04:17:57',NULL,'dd650097-4b59-4dae-8d6f-eec585813750'),(362,'getCountryByUuid','2019-10-05 04:21:16',NULL,'dd650097-4b59-4dae-8d6f-eec585813750'),(363,'getCountryByUuid','2019-10-05 04:26:34',NULL,'dd650097-4b59-4dae-8d6f-eec585813750'),(364,'getCountryByUuid','2019-10-05 04:29:15',NULL,'dd650097-4b59-4dae-8d6f-eec585813750'),(365,'getCountryByUuid','2019-10-05 04:31:46',NULL,'dd650097-4b59-4dae-8d6f-eec585813750'),(366,'getCountryByUuid','2019-10-05 04:33:00',NULL,'dd650097-4b59-4dae-8d6f-eec585813750'),(367,'getAllCurrencies','2019-10-05 04:32:57',NULL,'dd650097-4b59-4dae-8d6f-eec585813750'),(368,'retrieveSimpleCostCentersByUser','2019-10-05 04:32:57',NULL,'dd650097-4b59-4dae-8d6f-eec585813750'),(369,'getAllCurrencies','2019-10-05 04:33:18',NULL,'dd650097-4b59-4dae-8d6f-eec585813750'),(370,'retrieveSimpleCostCentersByUser','2019-10-05 04:33:18',NULL,'dd650097-4b59-4dae-8d6f-eec585813750'),(371,'retrieveSimpleCostCentersByUser','2019-10-05 04:36:54',NULL,'dd650097-4b59-4dae-8d6f-eec585813750'),(372,'getAllCurrencies','2019-10-05 04:36:54',NULL,'dd650097-4b59-4dae-8d6f-eec585813750'),(373,'getCountryByUuid','2019-10-05 04:37:13',NULL,'dd650097-4b59-4dae-8d6f-eec585813750'),(374,'getCountryByUuid','2019-10-05 04:40:27',NULL,'dd650097-4b59-4dae-8d6f-eec585813750'),(375,'getCountryByUuid','2019-10-05 04:41:03',NULL,'dd650097-4b59-4dae-8d6f-eec585813750'),(376,'getAllCurrencies','2019-10-05 04:43:59',NULL,'dd650097-4b59-4dae-8d6f-eec585813750'),(377,'retrieveSimpleCostCentersByUser','2019-10-05 04:43:59',NULL,'dd650097-4b59-4dae-8d6f-eec585813750'),(378,'getAllCurrencies','2019-10-05 04:43:59',NULL,'dd650097-4b59-4dae-8d6f-eec585813750'),(379,'retrieveSimpleCostCentersByUser','2019-10-05 04:58:45',NULL,'dd650097-4b59-4dae-8d6f-eec585813750'),(380,'getAllCurrencies','2019-10-05 04:58:45',NULL,'dd650097-4b59-4dae-8d6f-eec585813750'),(381,'getAllCurrencies','2019-10-05 05:00:47',NULL,'dd650097-4b59-4dae-8d6f-eec585813750'),(382,'getAllCurrencies','2019-10-05 05:00:48',NULL,'dd650097-4b59-4dae-8d6f-eec585813750'),(383,'retrieveSimpleCostCentersByUser','2019-10-05 05:00:48',NULL,'dd650097-4b59-4dae-8d6f-eec585813750'),(384,'getAllCurrencies','2019-10-05 05:01:08',NULL,'dd650097-4b59-4dae-8d6f-eec585813750'),(385,'retrieveSimpleCostCentersByUser','2019-10-05 05:01:10',NULL,'dd650097-4b59-4dae-8d6f-eec585813750'),(386,'getAllCurrencies','2019-10-05 05:01:10',NULL,'dd650097-4b59-4dae-8d6f-eec585813750'),(387,'getAllAuditTrailRecordsWithUsername','2019-10-05 05:05:20',NULL,'dd650097-4b59-4dae-8d6f-eec585813750'),(388,'getCountryByUuid','2019-10-05 05:09:36',NULL,'dd650097-4b59-4dae-8d6f-eec585813750'),(389,'getCountryByUuid','2019-10-05 05:14:36',NULL,'dd650097-4b59-4dae-8d6f-eec585813750'),(390,'getCountryByUuid','2019-10-05 05:29:45',NULL,'dd650097-4b59-4dae-8d6f-eec585813750'),(391,'getCountryByUuid','2019-10-05 05:30:09',NULL,'dd650097-4b59-4dae-8d6f-eec585813750'),(392,'getAllCurrencies','2019-10-05 05:40:52',NULL,'dd650097-4b59-4dae-8d6f-eec585813750'),(393,'retrieveSimpleCostCentersByUser','2019-10-05 05:40:52',NULL,'dd650097-4b59-4dae-8d6f-eec585813750'),(394,'getCountryByUuid','2019-10-05 05:46:27',NULL,'dd650097-4b59-4dae-8d6f-eec585813750'),(395,'getCountryByUuid','2019-10-05 05:48:08',NULL,'dd650097-4b59-4dae-8d6f-eec585813750'),(396,'getCountryByUuid','2019-10-05 05:48:56',NULL,'dd650097-4b59-4dae-8d6f-eec585813750'),(401,'getAllCountries','2019-10-05 06:14:32',NULL,'f56ad9c8-e92a-43ff-b101-be4cfa20558f'),(402,'getAllCountries','2019-10-05 06:14:32',NULL,'dd650097-4b59-4dae-8d6f-eec585813750'),(403,'getCountryByUuid','2019-10-05 06:19:27',NULL,'dd650097-4b59-4dae-8d6f-eec585813750'),(404,'retrieveSimpleCostCentersByUser','2019-10-05 06:19:56',NULL,'dd650097-4b59-4dae-8d6f-eec585813750'),(405,'getAllCurrencies','2019-10-05 06:19:56',NULL,'dd650097-4b59-4dae-8d6f-eec585813750'),(406,'getCountryByUuid','2019-10-05 06:21:35',NULL,'dd650097-4b59-4dae-8d6f-eec585813750'),(407,'getCountryByUuid','2019-10-05 06:25:54',NULL,'dd650097-4b59-4dae-8d6f-eec585813750'),(408,'retrieveSimpleCostCentersByUser','2019-10-05 06:27:12',NULL,'dd650097-4b59-4dae-8d6f-eec585813750'),(409,'getAllCurrencies','2019-10-05 06:27:12',NULL,'dd650097-4b59-4dae-8d6f-eec585813750'),(410,'getCountryByUuid','2019-10-05 06:29:27',NULL,'dd650097-4b59-4dae-8d6f-eec585813750'),(411,'getCountryByUuid','2019-10-05 06:31:49',NULL,'dd650097-4b59-4dae-8d6f-eec585813750'),(412,'retrieveSimpleCostCentersByUser','2019-10-05 06:33:54',NULL,'dd650097-4b59-4dae-8d6f-eec585813750'),(413,'getAllCurrencies','2019-10-05 06:33:54',NULL,'dd650097-4b59-4dae-8d6f-eec585813750'),(414,'getCountryByUuid','2019-10-05 06:35:14',NULL,'dd650097-4b59-4dae-8d6f-eec585813750'),(415,'getAllCurrencies','2019-10-05 06:35:01',NULL,'dd650097-4b59-4dae-8d6f-eec585813750'),(416,'retrieveSimpleCostCentersByUser','2019-10-05 06:35:01',NULL,'dd650097-4b59-4dae-8d6f-eec585813750'),(417,'getAllCurrencies','2019-10-05 06:35:36',NULL,'dd650097-4b59-4dae-8d6f-eec585813750'),(418,'getCountryByUuid','2019-10-05 06:36:20',NULL,'dd650097-4b59-4dae-8d6f-eec585813750'),(420,'getCountryByUuid','2019-10-05 06:38:44',NULL,'dd650097-4b59-4dae-8d6f-eec585813750'),(421,'getAllCurrencies','2019-10-05 06:39:04',NULL,'dd650097-4b59-4dae-8d6f-eec585813750'),(422,'retrieveSimpleCostCentersByUser','2019-10-05 06:39:04',NULL,'dd650097-4b59-4dae-8d6f-eec585813750'),(423,'retrieveSimpleCostCentersByUser','2019-10-05 06:39:08',NULL,'dd650097-4b59-4dae-8d6f-eec585813750'),(424,'getAllCurrencies','2019-10-05 06:39:08',NULL,'dd650097-4b59-4dae-8d6f-eec585813750'),(425,'getAllCurrencies','2019-10-05 06:39:43',NULL,'dd650097-4b59-4dae-8d6f-eec585813750'),(426,'getAllCurrencies','2019-10-05 06:40:00',NULL,'dd650097-4b59-4dae-8d6f-eec585813750'),(427,'retrieveSimpleCostCentersByUser','2019-10-05 06:40:00',NULL,'dd650097-4b59-4dae-8d6f-eec585813750'),(428,'retrieveSimpleCostCentersByUser','2019-10-05 06:40:16',NULL,'dd650097-4b59-4dae-8d6f-eec585813750'),(429,'getAllCurrencies','2019-10-05 06:40:16',NULL,'dd650097-4b59-4dae-8d6f-eec585813750'),(430,'getAllCurrencies','2019-10-05 06:40:30',NULL,'dd650097-4b59-4dae-8d6f-eec585813750'),(431,'retrieveSimpleCostCentersByUser','2019-10-05 06:40:30',NULL,'dd650097-4b59-4dae-8d6f-eec585813750'),(432,'getAllCurrencies','2019-10-05 06:41:03',NULL,'dd650097-4b59-4dae-8d6f-eec585813750'),(433,'retrieveSimpleCostCentersByUser','2019-10-05 06:41:03',NULL,'dd650097-4b59-4dae-8d6f-eec585813750'),(434,'getAllCurrencies','2019-10-05 06:41:29',NULL,'dd650097-4b59-4dae-8d6f-eec585813750'),(435,'retrieveSimpleCostCentersByUser','2019-10-05 06:41:29',NULL,'dd650097-4b59-4dae-8d6f-eec585813750');
/*!40000 ALTER TABLE `audit_trail_activity` ENABLE KEYS */;
UNLOCK TABLES;

--
-- Dumping data for table `bjf`
--

LOCK TABLES `bjf` WRITE;
/*!40000 ALTER TABLE `bjf` DISABLE KEYS */;
/*!40000 ALTER TABLE `bjf` ENABLE KEYS */;
UNLOCK TABLES;

--
-- Dumping data for table `budget_category`
--

LOCK TABLES `budget_category` WRITE;
/*!40000 ALTER TABLE `budget_category` DISABLE KEYS */;
INSERT INTO `budget_category` VALUES ('07b971c0-ee31-4b4a-a3b4-c4eb895c6920','CAT-MISCELLANEOUS-2','yingshi2502','2019-10-03 09:22:00','APAC-SG-MISCELLANEOUS',_binary '\0',NULL,'2019-10-03 09:22:01','Miscellaneous','GRANT,all_user',1,'9b0c3c04-7213-4299-9220-a67b31e342dd'),('2f34164e-e5d3-4f7b-a484-e7e083ce3063','CAT-OFFICE_SUPPLIES-5','yingshi2502','2019-10-04 14:11:18','APAC-HK-OFFICE_SUPPLIES',_binary '\0',NULL,'2019-10-04 14:11:19','Office Supplies','GRANT,all_user',2,'092b323e-81d5-4329-8471-4fd9f389cc46'),('4212254d-3905-4344-bf44-73f9b224cbd2','CAT-TELECOM-3','yingshi2502','2019-10-03 09:22:11','APAC-SG-TELECOM',_binary '\0',NULL,'2019-10-03 09:22:11','Telecom','GRANT,all_user',3,'9b0c3c04-7213-4299-9220-a67b31e342dd'),('43b9dc9d-9985-452e-9993-6544b7bf9545','CAT-TELECOM-7','yingshi2502','2019-10-04 14:12:03','APAC-HK-TELECOM',_binary '\0',NULL,'2019-10-04 14:12:03','Telecom','GRANT,all_user',4,'092b323e-81d5-4329-8471-4fd9f389cc46'),('7e093809-d025-476f-9642-d681ae59fe80','CAT-MISCELLANEOUS-6','yingshi2502','2019-10-04 14:11:59','APAC-HK-MISCELLANEOUS',_binary '\0',NULL,'2019-10-04 14:11:59','Miscellaneous','GRANT,all_user',5,'092b323e-81d5-4329-8471-4fd9f389cc46'),('8ad38a94-402c-41b2-96be-a75822cc619e','CAT-IT_ASSET-8','yingshi2502','2019-10-04 14:12:08','APAC-HK-IT_ASSET',_binary '\0',NULL,'2019-10-04 14:12:08','IT Asset','GRANT,all_user',6,'092b323e-81d5-4329-8471-4fd9f389cc46'),('9b39fd3d-8edc-4262-9bca-3907b713672d','CAT-UPDATE_CAT1-9','Viet','2019-10-05 06:15:40','APAC-SG-UPDATE_CAT1',_binary '','Viet','2019-10-05 06:16:14','update cat1','GRANT,all_user',7,'9b0c3c04-7213-4299-9220-a67b31e342dd'),('d168c0b6-f728-4093-8d93-fa667ddf601b','CAT-IT_ASSET-1','yingshi2502','2019-10-03 09:21:35','APAC-SG-IT_ASSET',_binary '\0',NULL,'2019-10-03 09:21:35','IT Asset','GRANT,all_user',8,'9b0c3c04-7213-4299-9220-a67b31e342dd'),('dc2512f4-dd4f-4368-87f0-8d931b4f291f','CAT-OFFICE_SUPPLIES-4','yingshi2502','2019-10-03 09:22:18','APAC-SG-OFFICE_SUPPLIES',_binary '\0',NULL,'2019-10-03 09:22:18','Office Supplies','GRANT,all_user',9,'9b0c3c04-7213-4299-9220-a67b31e342dd');
/*!40000 ALTER TABLE `budget_category` ENABLE KEYS */;
UNLOCK TABLES;

--
-- Dumping data for table `budget_sub1`
--

LOCK TABLES `budget_sub1` WRITE;
/*!40000 ALTER TABLE `budget_sub1` DISABLE KEYS */;
INSERT INTO `budget_sub1` VALUES ('05344981-db18-4066-ae2b-98b9d69d93c9','CATS1-HK-TELECOM-VOICE-11','Viet','2019-10-05 04:12:20','APAC-HK-TELECOM-HK-TELECOM-VOICE',_binary '\0','Viet','2019-10-05 04:12:20','HK-Telecom-Voice','GRANT,all_user',1,'43b9dc9d-9985-452e-9993-6544b7bf9545'),('09c64b0b-3a89-47cb-acd4-4332c6f473f5','CATS1-PERONAL_DESKTOP-7','yingshi2502','2019-10-03 09:32:05','APAC-SG-IT_ASSET-PERONAL_DESKTOP',_binary '\0','yingshi2502','2019-10-03 09:32:05','Peronal Desktop','GRANT,all_user',2,'d168c0b6-f728-4093-8d93-fa667ddf601b'),('187d273e-8b8e-4d26-a78e-eda9c6c575d6','CATS1-TRAVEL-8','yingshi2502','2019-10-04 14:14:47','APAC-HK-MISCELLANEOUS-TRAVEL',_binary '\0','yingshi2502','2019-10-04 14:14:47','Travel','GRANT,all_user',3,'7e093809-d025-476f-9642-d681ae59fe80'),('3df5d8c1-8f53-49e7-9a7b-c3c953a06c64','CATS1-UPDATE_SUB1-13','Viet','2019-10-05 06:16:40','APAC-SG-TELECOM-UPDATE_SUB1',_binary '','Viet','2019-10-05 06:17:33','update sub1','GRANT,all_user',4,'4212254d-3905-4344-bf44-73f9b224cbd2'),('69d3e92d-19a7-466a-a115-c3b13d3e939f','CATS1-TRAINING-9','yingshi2502','2019-10-04 14:14:51','APAC-HK-MISCELLANEOUS-TRAINING',_binary '\0','yingshi2502','2019-10-04 14:14:51','Training','GRANT,all_user',5,'7e093809-d025-476f-9642-d681ae59fe80'),('6a38bf6a-9d26-4d59-8277-5c77cdc6a7b9','CATS1-TRAVEL-5','yingshi2502','2019-10-03 09:30:12','APAC-SG-MISCELLANEOUS-TRAVEL',_binary '\0','yingshi2502','2019-10-03 09:30:12','Travel','GRANT,all_user',6,'07b971c0-ee31-4b4a-a3b4-c4eb895c6920'),('6aceb5b1-8ec2-4e72-8a65-98ccba379a74','CATS1-SCREENING-3','yingshi2502','2019-10-03 09:27:18','APAC-SG-IT_ASSET-SCREENING',_binary '\0','yingshi2502','2019-10-03 09:27:18','Screening','GRANT,all_user',7,'d168c0b6-f728-4093-8d93-fa667ddf601b'),('7a5797e5-47df-4a6a-a8ea-e9b7d9af2381','CATS1-HK_TELECOM_-_DATA-10','Viet','2019-10-05 04:12:07','APAC-HK-TELECOM-HK_TELECOM_-_DATA',_binary '\0','Viet','2019-10-05 04:12:07','HK Telecom - Data','GRANT,all_user',8,'43b9dc9d-9985-452e-9993-6544b7bf9545'),('ae918773-80a8-4940-aaab-2ecaa88b87f1','CATS1-ACCESS_CONTROL-4','yingshi2502','2019-10-03 09:27:40','APAC-SG-IT_ASSET-ACCESS_CONTROL',_binary '\0','yingshi2502','2019-10-03 09:27:40','Access Control','GRANT,all_user',9,'d168c0b6-f728-4093-8d93-fa667ddf601b'),('b2973748-f706-4373-b330-67cfbc59f394','CATS1-CHAIR-12','Viet','2019-10-05 04:13:22','APAC-HK-OFFICE_SUPPLIES-CHAIR',_binary '\0','Viet','2019-10-05 04:13:22','Chair','GRANT,all_user',10,'2f34164e-e5d3-4f7b-a484-e7e083ce3063'),('bce7a2db-836c-4ec5-ace5-b71a6a5fae21','CATS1-DATA-1','yingshi2502','2019-10-03 09:24:57','APAC-SG-TELECOM-DATA',_binary '\0','yingshi2502','2019-10-03 09:24:57','Data','GRANT,all_user',11,'4212254d-3905-4344-bf44-73f9b224cbd2'),('ddd75fd1-9d70-4c14-8ce2-ebf29f7e9e84','CATS1-TRAINING-6','yingshi2502','2019-10-03 09:30:16','APAC-SG-MISCELLANEOUS-TRAINING',_binary '\0','yingshi2502','2019-10-03 09:30:16','Training','GRANT,all_user',12,'07b971c0-ee31-4b4a-a3b4-c4eb895c6920'),('ea469685-169c-496e-aed1-eede8f1ac5e2','CATS1-VOICE-2','yingshi2502','2019-10-03 09:25:02','APAC-SG-TELECOM-VOICE',_binary '\0','yingshi2502','2019-10-03 09:25:02','Voice','GRANT,all_user',13,'4212254d-3905-4344-bf44-73f9b224cbd2');
/*!40000 ALTER TABLE `budget_sub1` ENABLE KEYS */;
UNLOCK TABLES;

--
-- Dumping data for table `budget_sub2`
--

LOCK TABLES `budget_sub2` WRITE;
/*!40000 ALTER TABLE `budget_sub2` DISABLE KEYS */;
INSERT INTO `budget_sub2` VALUES ('0eb8ab4c-9090-45cb-873b-f5cebb874e6e','CATS2-PLANNED_TRIPS-9','yingshi2502','2019-10-03 09:30:39','APAC-SG-MISCELLANEOUS-TRAVEL-PLANNED_TRIPS',_binary '\0','yingshi2502','2019-10-03 09:30:39','Planned Trips','GRANT,all_user',1,'6a38bf6a-9d26-4d59-8277-5c77cdc6a7b9'),('247d1318-1be6-4865-aac1-06eb8093182d','CATS2-HEADSET-3','yingshi2502','2019-10-03 09:26:08','APAC-SG-TELECOM-VOICE-HEADSET',_binary '\0','yingshi2502','2019-10-03 09:26:08','Headset','GRANT,all_user',2,'ea469685-169c-496e-aed1-eede8f1ac5e2'),('40a5938a-5c4e-461f-944b-ae677fb98caa','CATS2-WINDOWS_PC-13','yingshi2502','2019-10-03 09:32:19','APAC-SG-IT_ASSET-PERONAL_DESKTOP-WINDOWS_PC',_binary '\0','yingshi2502','2019-10-03 09:32:19','Windows PC','GRANT,all_user',3,'09c64b0b-3a89-47cb-acd4-4332c6f473f5'),('4b4bdfdd-689c-46d9-99a3-05590596dc3b','CATS2-DESKTOP_MONITOR-15','yingshi2502','2019-10-03 09:40:09','APAC-SG-IT_ASSET-PERONAL_DESKTOP-DESKTOP_MONITOR',_binary '\0','yingshi2502','2019-10-03 09:40:10','Desktop Monitor','GRANT,all_user',4,'09c64b0b-3a89-47cb-acd4-4332c6f473f5'),('4d86c134-7181-4317-ac26-9e808c34d9bd','CATS2-MAC-14','yingshi2502','2019-10-03 09:32:29','APAC-SG-IT_ASSET-PERONAL_DESKTOP-MAC',_binary '\0','yingshi2502','2019-10-03 09:32:29','Mac','GRANT,all_user',5,'09c64b0b-3a89-47cb-acd4-4332c6f473f5'),('536f4b4b-8133-4a6c-86ba-9abba071fee8','CATS2-DATA_LINK-1','yingshi2502','2019-10-03 09:25:34','APAC-SG-TELECOM-DATA-DATA_LINK',_binary '\0','yingshi2502','2019-10-03 09:25:34','Data Link','GRANT,all_user',6,'bce7a2db-836c-4ec5-ace5-b71a6a5fae21'),('5b8753c3-6827-41f1-9b57-d7a0a58a6dc5','CATS2-AD-HOC_TRAVEL-10','yingshi2502','2019-10-03 09:30:46','APAC-SG-MISCELLANEOUS-TRAVEL-AD-HOC_TRAVEL',_binary '\0','yingshi2502','2019-10-03 09:30:46','Ad-hoc Travel','GRANT,all_user',7,'6a38bf6a-9d26-4d59-8277-5c77cdc6a7b9'),('758b89f5-d8bb-44aa-8b07-d593abc63595','CATS2-PLANNED_TRAINING-12','yingshi2502','2019-10-03 09:31:06','APAC-SG-MISCELLANEOUS-TRAINING-PLANNED_TRAINING',_binary '\0','yingshi2502','2019-10-03 09:31:06','Planned Training','GRANT,all_user',8,'ddd75fd1-9d70-4c14-8ce2-ebf29f7e9e84'),('84ba63ff-1a69-4f76-8c25-b32fe909d381','CATS2-DATA_WIRE-2','yingshi2502','2019-10-03 09:25:54','APAC-SG-TELECOM-DATA-DATA_WIRE',_binary '\0','yingshi2502','2019-10-03 09:25:54','Data Wire','GRANT,all_user',9,'bce7a2db-836c-4ec5-ace5-b71a6a5fae21'),('991c40d1-c60c-497f-b069-5c5715d40af4','CATS2-COMPUTER_CHAIR-18','Viet','2019-10-05 04:13:55','APAC-HK-OFFICE_SUPPLIES-CHAIR-COMPUTER_CHAIR',_binary '\0','Viet','2019-10-05 04:13:55','Computer Chair','GRANT,all_user',10,'b2973748-f706-4373-b330-67cfbc59f394'),('a6a738f7-923d-4228-8669-e51d1ed835a5','CATS2-HEADSET-16','Viet','2019-10-05 04:12:35','APAC-HK-TELECOM-HK-TELECOM-VOICE-HEADSET',_binary '\0','Viet','2019-10-05 04:12:35','Headset','GRANT,all_user',11,'05344981-db18-4066-ae2b-98b9d69d93c9'),('ae502fca-91e1-4f43-8caf-474c0182e6c3','CATS2-FINGER_RECOGNITION-8','yingshi2502','2019-10-03 09:29:46','APAC-SG-IT_ASSET-ACCESS_CONTROL-FINGER_RECOGNITION',_binary '\0','yingshi2502','2019-10-03 09:29:46','Finger Recognition','GRANT,all_user',12,'ae918773-80a8-4940-aaab-2ecaa88b87f1'),('b3c18021-243d-484e-a5c8-44921a98e747','CATS2-PHONE-4','yingshi2502','2019-10-03 09:26:43','APAC-SG-TELECOM-VOICE-PHONE',_binary '\0','yingshi2502','2019-10-03 09:26:43','Phone','GRANT,all_user',13,'ea469685-169c-496e-aed1-eede8f1ac5e2'),('bdcc8900-ce2a-4b78-9fb8-41002896dbe1','CATS2-AD-HOC_TRAINING-11','yingshi2502','2019-10-03 09:30:57','APAC-SG-MISCELLANEOUS-TRAINING-AD-HOC_TRAINING',_binary '\0','yingshi2502','2019-10-03 09:30:57','Ad-hoc Training','GRANT,all_user',14,'ddd75fd1-9d70-4c14-8ce2-ebf29f7e9e84'),('bf88e9d9-d51d-4094-a2fd-ca96611bbbb9','CATS2-CARD_READER-7','yingshi2502','2019-10-03 09:28:37','APAC-SG-IT_ASSET-ACCESS_CONTROL-CARD_READER',_binary '\0','yingshi2502','2019-10-03 09:28:37','Card Reader','GRANT,all_user',15,'ae918773-80a8-4940-aaab-2ecaa88b87f1'),('dfbd7a86-7894-4f68-b198-0b46cd57bcaf','CATS2-DATA_LINK-17','Viet','2019-10-05 04:13:11','APAC-HK-TELECOM-HK_TELECOM_-_DATA-DATA_LINK',_binary '\0','Viet','2019-10-05 04:13:11','Data Link','GRANT,all_user',16,'7a5797e5-47df-4a6a-a8ea-e9b7d9af2381'),('e0dd0538-d598-445a-b49a-223df9be6a10','CATS2-PROJECTOR-5','yingshi2502','2019-10-03 09:28:04','APAC-SG-IT_ASSET-SCREENING-PROJECTOR',_binary '\0','yingshi2502','2019-10-03 09:28:04','Projector','GRANT,all_user',17,'6aceb5b1-8ec2-4e72-8a65-98ccba379a74'),('e8b0f0e9-6a71-4b0e-8f73-71524d9e03f3','CATS2-KITCHEN_CHAIR-19','Viet','2019-10-05 04:14:12','APAC-HK-OFFICE_SUPPLIES-CHAIR-KITCHEN_CHAIR',_binary '\0','Viet','2019-10-05 04:14:12','Kitchen Chair','GRANT,all_user',18,'b2973748-f706-4373-b330-67cfbc59f394'),('eb8de338-ff2e-4f9e-bb40-e8a80d4ebdce','CATS2-REMOTE_DESKTOP-6','yingshi2502','2019-10-03 09:28:18','APAC-SG-IT_ASSET-SCREENING-REMOTE_DESKTOP',_binary '\0','yingshi2502','2019-10-03 09:28:19','Remote Desktop','GRANT,all_user',19,'6aceb5b1-8ec2-4e72-8a65-98ccba379a74'),('f4d1c1d2-0269-4f06-8e76-ed372d556bb0','CATS2-SUB2-20','Viet','2019-10-05 06:17:05','APAC-SG-TELECOM-UPDATE_SUB1-SUB2',_binary '','Viet','2019-10-05 06:17:20','sub2','GRANT,all_user',20,'3df5d8c1-8f53-49e7-9a7b-c3c953a06c64');
/*!40000 ALTER TABLE `budget_sub2` ENABLE KEYS */;
UNLOCK TABLES;

--
-- Dumping data for table `business_unit`
--

LOCK TABLES `business_unit` WRITE;
/*!40000 ALTER TABLE `business_unit` DISABLE KEYS */;
INSERT INTO `business_unit` VALUES ('4412216d-ecff-11e9-ab88-00155d03b61a','BU-SG-INFRA-TECH','admin','2019-10-12 22:47:51','APAC-SG-TECH-INFRA',_binary '\0',NULL,NULL,'Infrastructure Tech','GRANT,all_users',1,'43e6c7f7-ecff-11e9-ab88-00155d03b61a'),('44164442-ecff-11e9-ab88-00155d03b61a','BU-SG-FI-TECH','admin','2019-10-12 22:47:51','APAC-SG-TECH-FI',_binary '\0',NULL,NULL,'Fixed Income Tech','GRANT,all_users',2,'43e6c7f7-ecff-11e9-ab88-00155d03b61a'),('441a74a4-ecff-11e9-ab88-00155d03b61a','BU-SG-CURR-TECH','admin','2019-10-12 22:47:51','APAC-SG-TECH-CURR',_binary '\0',NULL,NULL,'Currency Tech','GRANT,all_users',3,'43e6c7f7-ecff-11e9-ab88-00155d03b61a'),('442244fa-ecff-11e9-ab88-00155d03b61a','BU-SG-HIRE-HR','admin','2019-10-12 22:47:51','APAC-SG-HR-HIRE',_binary '\0',NULL,NULL,'Hiring HR','GRANT,all_users',4,'43eaa8b9-ecff-11e9-ab88-00155d03b61a'),('442618f6-ecff-11e9-ab88-00155d03b61a','BU-SG-LP-HR','admin','2019-10-12 22:47:51','APAC-SG-HR-LP',_binary '\0',NULL,NULL,'Leave and Policy','GRANT,all_users',5,'43eaa8b9-ecff-11e9-ab88-00155d03b61a');
/*!40000 ALTER TABLE `business_unit` ENABLE KEYS */;
UNLOCK TABLES;

--
-- Dumping data for table `business_unit_vendor`
--

LOCK TABLES `business_unit_vendor` WRITE;
/*!40000 ALTER TABLE `business_unit_vendor` DISABLE KEYS */;
/*!40000 ALTER TABLE `business_unit_vendor` ENABLE KEYS */;
UNLOCK TABLES;

--
-- Dumping data for table `child_contract`
--

LOCK TABLES `child_contract` WRITE;
/*!40000 ALTER TABLE `child_contract` DISABLE KEYS */;
/*!40000 ALTER TABLE `child_contract` ENABLE KEYS */;
UNLOCK TABLES;

--
-- Dumping data for table `company_function`
--

LOCK TABLES `company_function` WRITE;
/*!40000 ALTER TABLE `company_function` DISABLE KEYS */;
INSERT INTO `company_function` VALUES ('43e6c7f7-ecff-11e9-ab88-00155d03b61a','SG-TECH','admin','2019-10-12 22:47:51','APAC-SG-TECH',_binary '\0',NULL,NULL,'TECH','GRANT,all_users',1,'','43b71260-ecff-11e9-ab88-00155d03b61a'),('43eaa8b9-ecff-11e9-ab88-00155d03b61a','SG-HR','admin','2019-10-12 22:47:51','APAC-SG-HR',_binary '\0',NULL,NULL,'TECH','GRANT,all_users',2,'','43b71260-ecff-11e9-ab88-00155d03b61a'),('43ee35d5-ecff-11e9-ab88-00155d03b61a','SG-TR','admin','2019-10-12 22:47:51','APAC-SG-TR',_binary '\0',NULL,NULL,'TRADING','GRANT,all_users',3,'','43b71260-ecff-11e9-ab88-00155d03b61a'),('43f1bc7e-ecff-11e9-ab88-00155d03b61a','SG-SALES','admin','2019-10-12 22:47:51','APAC-SG-SALES',_binary '\0',NULL,NULL,'SALES','GRANT,all_users',4,'','43b71260-ecff-11e9-ab88-00155d03b61a'),('43f556da-ecff-11e9-ab88-00155d03b61a','SG-FIN','admin','2019-10-12 22:47:51','APAC-SG-FIN',_binary '\0',NULL,NULL,'FINANCE','GRANT,all_users',5,'','43b71260-ecff-11e9-ab88-00155d03b61a'),('43f9136e-ecff-11e9-ab88-00155d03b61a','SG-OPS','admin','2019-10-12 22:47:51','APAC-SG-OPS',_binary '\0',NULL,NULL,'OPERATIONS','GRANT,all_users',6,'','43b71260-ecff-11e9-ab88-00155d03b61a'),('43ff747c-ecff-11e9-ab88-00155d03b61a','HK-TECH','admin','2019-10-12 22:47:51','APAC-HK-TECH',_binary '\0',NULL,NULL,'TECH','GRANT,all_users',7,'','43bb3fec-ecff-11e9-ab88-00155d03b61a'),('4403256c-ecff-11e9-ab88-00155d03b61a','HK-HR','admin','2019-10-12 22:47:51','APAC-HK-HR',_binary '\0',NULL,NULL,'TECH','GRANT,all_users',8,'','43bb3fec-ecff-11e9-ab88-00155d03b61a'),('4406c480-ecff-11e9-ab88-00155d03b61a','HK-FIN','admin','2019-10-12 22:47:51','APAC-HK-FIN',_binary '\0',NULL,NULL,'FINANCE','GRANT,all_users',9,'','43bb3fec-ecff-11e9-ab88-00155d03b61a');
/*!40000 ALTER TABLE `company_function` ENABLE KEYS */;
UNLOCK TABLES;

--
-- Dumping data for table `contract`
--

LOCK TABLES `contract` WRITE;
/*!40000 ALTER TABLE `contract` DISABLE KEYS */;
/*!40000 ALTER TABLE `contract` ENABLE KEYS */;
UNLOCK TABLES;

--
-- Dumping data for table `cost_center`
--

LOCK TABLES `cost_center` WRITE;
/*!40000 ALTER TABLE `cost_center` DISABLE KEYS */;
INSERT INTO `cost_center` VALUES ('4478f3a7-ecff-11e9-ab88-00155d03b61a','CC1','admin','2019-10-12 22:47:52','APAC-SG-TECH-INFRA-EUC-CC1',_binary '\0',NULL,NULL,'CC Infra End User Computing','',1,'0805a50c-826c-4d09-8cc4-5f9970d613eb','0805a50c-826c-4d09-8cc4-5f9970d613eb','59ebab88-8e27-4d8a-ab24-956e63154914','4439e76b-ecff-11e9-ab88-00155d03b61a'),('447d091a-ecff-11e9-ab88-00155d03b61a','CC2','admin','2019-10-12 22:47:52','APAC-SG-TECH-INFRA-DBADMIN-CC2',_binary '\0',NULL,NULL,'CC Infra Database Admin','',2,'0805a50c-826c-4d09-8cc4-5f9970d613eb','0805a50c-826c-4d09-8cc4-5f9970d613eb','59ebab88-8e27-4d8a-ab24-956e63154914','443e516a-ecff-11e9-ab88-00155d03b61a'),('44800fcd-ecff-11e9-ab88-00155d03b61a','CC3','admin','2019-10-12 22:47:52','APAC-SG-TECH-FI-PROD-CC3',_binary '\0',NULL,NULL,'CC Fixed Income Production Support','',3,'0805a50c-826c-4d09-8cc4-5f9970d613eb','0805a50c-826c-4d09-8cc4-5f9970d613eb','59ebab88-8e27-4d8a-ab24-956e63154914','4444cd3c-ecff-11e9-ab88-00155d03b61a'),('448357c8-ecff-11e9-ab88-00155d03b61a','CC4','admin','2019-10-12 22:47:52','APAC-SG-TECH-FI-DEV-CC4',_binary '\0',NULL,NULL,'CC Fixed Income Development','',4,'0805a50c-826c-4d09-8cc4-5f9970d613eb','0805a50c-826c-4d09-8cc4-5f9970d613eb','59ebab88-8e27-4d8a-ab24-956e63154914','44485af2-ecff-11e9-ab88-00155d03b61a');
/*!40000 ALTER TABLE `cost_center` ENABLE KEYS */;
UNLOCK TABLES;

--
-- Dumping data for table `country`
--

LOCK TABLES `country` WRITE;
/*!40000 ALTER TABLE `country` DISABLE KEYS */;
INSERT INTO `country` VALUES ('43b71260-ecff-11e9-ab88-00155d03b61a','SG','admin','2019-10-12 22:47:50','APAC-SG',_binary '\0',NULL,NULL,'Singapore','GRANT,all_users',1,'SGD','1f186056-ecff-11e9-ab88-00155d03b61a'),('43bb3fec-ecff-11e9-ab88-00155d03b61a','HK','admin','2019-10-12 22:47:50','APAC-HK',_binary '\0',NULL,NULL,'Hong Kong','GRANT,all_users',2,'HKD','1f186056-ecff-11e9-ab88-00155d03b61a'),('43bf16b9-ecff-11e9-ab88-00155d03b61a','JP','admin','2019-10-12 22:47:50','APAC-JP',_binary '\0',NULL,NULL,'Japan','GRANT,all_users',3,'JPY','1f186056-ecff-11e9-ab88-00155d03b61a'),('43c29562-ecff-11e9-ab88-00155d03b61a','IN','admin','2019-10-12 22:47:50','APAC-IN',_binary '\0',NULL,NULL,'India','GRANT,all_users',4,'IDR','1f186056-ecff-11e9-ab88-00155d03b61a'),('43c94331-ecff-11e9-ab88-00155d03b61a','UK','admin','2019-10-12 22:47:50','UK-UK',_binary '\0',NULL,NULL,'United Kingdom','GRANT,all_users',5,'GBP','201bf312-ecff-11e9-ab88-00155d03b61a'),('43cf1717-ecff-11e9-ab88-00155d03b61a','DE','admin','2019-10-12 22:47:50','EU-DE',_binary '\0',NULL,NULL,'Germany','GRANT,all_users',6,'EUR','217c09b6-ecff-11e9-ab88-00155d03b61a'),('43d29649-ecff-11e9-ab88-00155d03b61a','FR','admin','2019-10-12 22:47:51','EU-FR',_binary '\0',NULL,NULL,'France','GRANT,all_users',7,'EUR','217c09b6-ecff-11e9-ab88-00155d03b61a');
/*!40000 ALTER TABLE `country` ENABLE KEYS */;
UNLOCK TABLES;

--
-- Dumping data for table `currency`
--

LOCK TABLES `currency` WRITE;
/*!40000 ALTER TABLE `currency` DISABLE KEYS */;
INSERT INTO `currency` VALUES ('2b962cd6-ecff-11e9-ab88-00155d03b61a','SGD','admin','2019-10-12 22:47:10',NULL,_binary '\0',NULL,NULL,'Singapore Dollars','GRANT,all_users',1,'SG'),('2b9a38b5-ecff-11e9-ab88-00155d03b61a','INR','admin','2019-10-12 22:47:10',NULL,_binary '\0',NULL,NULL,'Indian Rupee','GRANT,all_users',2,'IN'),('2b9e9a11-ecff-11e9-ab88-00155d03b61a','GBP','admin','2019-10-12 22:47:10',NULL,_binary '\0',NULL,NULL,'Pound sterling','GRANT,all_users',3,'IN'),('2ba27f34-ecff-11e9-ab88-00155d03b61a','EUR','admin','2019-10-12 22:47:10',NULL,_binary '\0',NULL,NULL,'Euro','GRANT,all_users',4,''),('2ba665f0-ecff-11e9-ab88-00155d03b61a','HKD','admin','2019-10-12 22:47:10',NULL,_binary '\0',NULL,NULL,'Hong Kong Dollars','GRANT,all_users',5,'HK'),('2baa5aea-ecff-11e9-ab88-00155d03b61a','JPY','admin','2019-10-12 22:47:10',NULL,_binary '\0',NULL,NULL,'Japan Yen','GRANT,all_users',6,'JP');
/*!40000 ALTER TABLE `currency` ENABLE KEYS */;
UNLOCK TABLES;

--
-- Dumping data for table `demo_entity`
--

LOCK TABLES `demo_entity` WRITE;
/*!40000 ALTER TABLE `demo_entity` DISABLE KEYS */;
/*!40000 ALTER TABLE `demo_entity` ENABLE KEYS */;
UNLOCK TABLES;

--
-- Dumping data for table `dispute`
--

LOCK TABLES `dispute` WRITE;
/*!40000 ALTER TABLE `dispute` DISABLE KEYS */;
/*!40000 ALTER TABLE `dispute` ENABLE KEYS */;
UNLOCK TABLES;

--
-- Dumping data for table `employee`
--

LOCK TABLES `employee` WRITE;
/*!40000 ALTER TABLE `employee` DISABLE KEYS */;
INSERT INTO `employee` VALUES ('0805a50c-826c-4d09-8cc4-5f9970d613eb','EMP-7',NULL,'2019-10-12 14:45:37',NULL,_binary '\0',NULL,'2019-10-12 14:45:38',NULL,'',7,'huangyingshi@gmail.com',NULL,'Yingshi','Huang','','','','$argon2id$v=19$m=131072,t=6,p=1$ys6UHXG9ELkOdVn+6zb4AQ$m2hSWSPAnCIHyk56fIJBiFzq+HygGtU3gmfFoWX4yWo','S-a5ee6570-f0f9-4955-aac1-15c9c5a9d498','yingshi2502','448357c8-ecff-11e9-ab88-00155d03b61a','59ebab88-8e27-4d8a-ab24-956e63154914','44485af2-ecff-11e9-ab88-00155d03b61a'),('11347a67-a69f-4fd7-b88e-fcc1978e9649','EMP-1',NULL,'2019-10-12 14:44:34',NULL,_binary '\0',NULL,'2019-10-12 14:44:34',NULL,'',1,'lonelytown98@gmail.com',NULL,'Test User05','Test Last05','test middle05','','','$argon2id$v=19$m=131072,t=6,p=1$PPxeH95eSFvzNFBtSeOEtw$/Kfp3K5H4VOLIREc0dRdCdJoqAQTJ7oJ2i1mnYcq50E','S-9e5a1ae4-26d2-456a-a8f3-3b3b184b4b31','user05','44800fcd-ecff-11e9-ab88-00155d03b61a','59ebab88-8e27-4d8a-ab24-956e63154914','4444cd3c-ecff-11e9-ab88-00155d03b61a'),('27fb9c20-eb6d-41c4-a46f-c30964423303','EMP-2',NULL,'2019-10-12 14:44:42',NULL,_binary '\0',NULL,'2019-10-12 14:44:43',NULL,'',2,'lonelytown98@gmail.com',NULL,'Test User04','Test Last04','test middle04','','','$argon2id$v=19$m=131072,t=6,p=1$+rgj6wBLBkZMIMUCekImMQ$+5XTpPhca9B54I2Dhee9p0yR3Mh3nABR2a7rUe09am8','S-a99f1182-92e6-4ed6-a382-f8383e23760b','user04','44800fcd-ecff-11e9-ab88-00155d03b61a','59ebab88-8e27-4d8a-ab24-956e63154914','4444cd3c-ecff-11e9-ab88-00155d03b61a'),('300b00bc-8929-42b2-93e1-7056f4bc1e3f','EMP-4',NULL,'2019-10-12 14:44:58',NULL,_binary '\0',NULL,'2019-10-12 14:44:58',NULL,'',4,'lonelytown98@gmail.com',NULL,'Test User02','Test Last02','test middle02','','','$argon2id$v=19$m=131072,t=6,p=1$qFZY2AE+Y9E5U/+wdMwU7g$TrYcgLf4XfLb5ei0NcPG2GhBdRrw5yV2FWXLcl5T3IQ','S-948e8dc2-ed6b-4036-a852-1f0d3ff26fcd','user02','44800fcd-ecff-11e9-ab88-00155d03b61a','59ebab88-8e27-4d8a-ab24-956e63154914','4444cd3c-ecff-11e9-ab88-00155d03b61a'),('59ebab88-8e27-4d8a-ab24-956e63154914','EMP-6',NULL,'2019-10-12 14:45:30',NULL,_binary '\0',NULL,'2019-10-12 14:45:30',NULL,'',6,'huangyingshi@gmail.com',NULL,'F','L','','','','$argon2id$v=19$m=131072,t=6,p=1$BTc3gpnWNcMrspxnIzuPog$fe5UhaPFUFaTp1lj01SYeYKwGvwCMG4AF8tKd4wh0QA','S-b0b6612f-1a5b-4847-baf3-48c15d15f654','admin','448357c8-ecff-11e9-ab88-00155d03b61a','59ebab88-8e27-4d8a-ab24-956e63154914','44485af2-ecff-11e9-ab88-00155d03b61a'),('76691585-e405-4c1d-89fe-30ae9bf156d4','EMP-3',NULL,'2019-10-12 14:44:49',NULL,_binary '\0',NULL,'2019-10-12 14:44:49',NULL,'',3,'lonelytown98@gmail.com',NULL,'Test User03','Test Last03','test middle03','','','$argon2id$v=19$m=131072,t=6,p=1$16P2RUbKcLn5S9fLofySeQ$67Q+DKJip0Bo60/ZJ4P0S44Blqw5qgH7hOUWS7bJ024','S-f9650764-47cb-4d23-b63a-1d6b8e495856','user03','44800fcd-ecff-11e9-ab88-00155d03b61a','59ebab88-8e27-4d8a-ab24-956e63154914','4444cd3c-ecff-11e9-ab88-00155d03b61a'),('9d5aba9e-850f-4992-96f4-dd33d21b9915','EMP-10',NULL,'2019-10-12 14:46:35',NULL,_binary '\0',NULL,'2019-10-12 14:46:35',NULL,'',10,'huangyingshi@gmail.com',NULL,'','','','','','$argon2id$v=19$m=131072,t=6,p=1$q4GAZgxBvt663wYb7c3rlA$ic0MUOx4rII9uQbCiymsrYWlqwkASIDha8ZiPv9fwwM','S-a6411f1f-d8b5-47ec-8d12-a4009927dc77','normal','448357c8-ecff-11e9-ab88-00155d03b61a','59ebab88-8e27-4d8a-ab24-956e63154914','44485af2-ecff-11e9-ab88-00155d03b61a'),('b2ed7252-7075-47f7-92e9-eb0bd9a06d4c','EMP-9',NULL,'2019-10-12 14:45:58',NULL,_binary '\0',NULL,'2019-10-12 14:45:58',NULL,'',9,'huangyingshi@gmail.com',NULL,'','','','','','$argon2id$v=19$m=131072,t=6,p=1$xdYJ+0sk/bLL6yf2nRbrvw$GXHsxBKWWGRfZXwfB14egifmbGO1rFKCVIPPlqhjW7o','S-9289af9a-422f-4a6e-a8fa-ca71e9754dad','test','448357c8-ecff-11e9-ab88-00155d03b61a','59ebab88-8e27-4d8a-ab24-956e63154914','44485af2-ecff-11e9-ab88-00155d03b61a'),('caf3bd11-328b-4ae9-9cbc-9c3bfdccfbb6','EMP-8',NULL,'2019-10-12 14:45:46',NULL,_binary '\0',NULL,'2019-10-12 14:45:46',NULL,'',8,'huangyingshi@gmail.com',NULL,'Hong','Xu','','','','$argon2id$v=19$m=131072,t=6,p=1$Ry9CdgBUzJ+qJNKHp9ERnw$L6+QZLhWnmieg8oG7W4te12zNicQJgZpOcAeLiS4/k4','S-85836111-2b3d-460a-a64d-032d32afcf9f','xuhong','448357c8-ecff-11e9-ab88-00155d03b61a','59ebab88-8e27-4d8a-ab24-956e63154914','44485af2-ecff-11e9-ab88-00155d03b61a'),('fdb48703-9de6-4bdb-9b1b-6099cf848481','EMP-5',NULL,'2019-10-12 14:45:07',NULL,_binary '\0',NULL,'2019-10-12 14:45:07',NULL,'',5,'lonelytown98@gmail.com',NULL,'Test User01','Test Last01','test middle01','','','$argon2id$v=19$m=131072,t=6,p=1$kC9wkNaVygvSzqljF8vkGw$4Tc8V6JmXHK2bXQXTv58UY5k7tn/di8DBVRxVLLTHLg','S-9137ae08-83ac-4dec-bffd-f7752be44009','user01','44800fcd-ecff-11e9-ab88-00155d03b61a','59ebab88-8e27-4d8a-ab24-956e63154914','4444cd3c-ecff-11e9-ab88-00155d03b61a');
/*!40000 ALTER TABLE `employee` ENABLE KEYS */;
UNLOCK TABLES;

--
-- Dumping data for table `fx_record`
--

LOCK TABLES `fx_record` WRITE;
/*!40000 ALTER TABLE `fx_record` DISABLE KEYS */;
/*!40000 ALTER TABLE `fx_record` ENABLE KEYS */;
UNLOCK TABLES;

--
-- Dumping data for table `hibernate_sequence`
--

LOCK TABLES `hibernate_sequence` WRITE;
/*!40000 ALTER TABLE `hibernate_sequence` DISABLE KEYS */;
INSERT INTO `hibernate_sequence` VALUES (1),(1);
/*!40000 ALTER TABLE `hibernate_sequence` ENABLE KEYS */;
UNLOCK TABLES;

--
-- Dumping data for table `invoice`
--

LOCK TABLES `invoice` WRITE;
/*!40000 ALTER TABLE `invoice` DISABLE KEYS */;
/*!40000 ALTER TABLE `invoice` ENABLE KEYS */;
UNLOCK TABLES;

--
-- Dumping data for table `office`
--

LOCK TABLES `office` WRITE;
/*!40000 ALTER TABLE `office` DISABLE KEYS */;
INSERT INTO `office` VALUES ('44a618c7-ecff-11e9-ab88-00155d03b61a','LHT','admin','2019-10-12 22:47:52',NULL,_binary '\0',NULL,NULL,'LHT Tower','',1,'31 Queen\'s Road','Unit 702 Central Hong Kong','Hong Kong','HK','000','','HK-TECH,HK-HR,HK-FIN',NULL,'43bb3fec-ecff-11e9-ab88-00155d03b61a'),('44aa0865-ecff-11e9-ab88-00155d03b61a','ORQ','admin','2019-10-12 22:47:52',NULL,_binary '\0',NULL,NULL,'One Raffles Quay','',2,'One Raffles Quay','1 Raffles Place','Singapore','SG','048616','BU-SG-INFRA-TECH,BU-SG-FI-TECH,BU-SG-CURR-TECH,BU-SG-HIRE-HR,BU-SG-LP-HR','SG-TECH,SG-HR,SG-TR,SG-SALES,SG-FIN,SG-OPS',NULL,'43b71260-ecff-11e9-ab88-00155d03b61a');
/*!40000 ALTER TABLE `office` ENABLE KEYS */;
UNLOCK TABLES;

--
-- Dumping data for table `office_floors`
--

LOCK TABLES `office_floors` WRITE;
/*!40000 ALTER TABLE `office_floors` DISABLE KEYS */;
/*!40000 ALTER TABLE `office_floors` ENABLE KEYS */;
UNLOCK TABLES;

--
-- Dumping data for table `outsourcing`
--

LOCK TABLES `outsourcing` WRITE;
/*!40000 ALTER TABLE `outsourcing` DISABLE KEYS */;
/*!40000 ALTER TABLE `outsourcing` ENABLE KEYS */;
UNLOCK TABLES;

--
-- Dumping data for table `outsourcing_assessment`
--

LOCK TABLES `outsourcing_assessment` WRITE;
/*!40000 ALTER TABLE `outsourcing_assessment` DISABLE KEYS */;
/*!40000 ALTER TABLE `outsourcing_assessment` ENABLE KEYS */;
UNLOCK TABLES;

--
-- Dumping data for table `outsourcing_assessment_line`
--

LOCK TABLES `outsourcing_assessment_line` WRITE;
/*!40000 ALTER TABLE `outsourcing_assessment_line` DISABLE KEYS */;
/*!40000 ALTER TABLE `outsourcing_assessment_line` ENABLE KEYS */;
UNLOCK TABLES;

--
-- Dumping data for table `outsourcing_assessment_section`
--

LOCK TABLES `outsourcing_assessment_section` WRITE;
/*!40000 ALTER TABLE `outsourcing_assessment_section` DISABLE KEYS */;
/*!40000 ALTER TABLE `outsourcing_assessment_section` ENABLE KEYS */;
UNLOCK TABLES;

--
-- Dumping data for table `plan`
--

LOCK TABLES `plan` WRITE;
/*!40000 ALTER TABLE `plan` DISABLE KEYS */;
/*!40000 ALTER TABLE `plan` ENABLE KEYS */;
UNLOCK TABLES;

--
-- Dumping data for table `plan_line_item`
--

LOCK TABLES `plan_line_item` WRITE;
/*!40000 ALTER TABLE `plan_line_item` DISABLE KEYS */;
/*!40000 ALTER TABLE `plan_line_item` ENABLE KEYS */;
UNLOCK TABLES;

--
-- Dumping data for table `project`
--

LOCK TABLES `project` WRITE;
/*!40000 ALTER TABLE `project` DISABLE KEYS */;
/*!40000 ALTER TABLE `project` ENABLE KEYS */;
UNLOCK TABLES;

--
-- Dumping data for table `purchase_order`
--

LOCK TABLES `purchase_order` WRITE;
/*!40000 ALTER TABLE `purchase_order` DISABLE KEYS */;
/*!40000 ALTER TABLE `purchase_order` ENABLE KEYS */;
UNLOCK TABLES;

--
-- Dumping data for table `region`
--

LOCK TABLES `region` WRITE;
/*!40000 ALTER TABLE `region` DISABLE KEYS */;
INSERT INTO `region` VALUES ('1f186056-ecff-11e9-ab88-00155d03b61a','APAC','admin','2019-10-12 22:46:49','APAC',_binary '\0',NULL,NULL,'Asia Pacific','GRANT,all_users',1),('201bf312-ecff-11e9-ab88-00155d03b61a','UK','admin','2019-10-12 22:46:51','UK',_binary '\0',NULL,NULL,'United Kingdom','GRANT,all_users',2),('217c09b6-ecff-11e9-ab88-00155d03b61a','EU','admin','2019-10-12 22:46:53','EU',_binary '\0',NULL,NULL,'Europe','GRANT,all_users',3);
/*!40000 ALTER TABLE `region` ENABLE KEYS */;
UNLOCK TABLES;

--
-- Dumping data for table `schedule`
--

LOCK TABLES `schedule` WRITE;
/*!40000 ALTER TABLE `schedule` DISABLE KEYS */;
/*!40000 ALTER TABLE `schedule` ENABLE KEYS */;
UNLOCK TABLES;

--
-- Dumping data for table `schedule_recurring_dates`
--

LOCK TABLES `schedule_recurring_dates` WRITE;
/*!40000 ALTER TABLE `schedule_recurring_dates` DISABLE KEYS */;
/*!40000 ALTER TABLE `schedule_recurring_dates` ENABLE KEYS */;
UNLOCK TABLES;

--
-- Dumping data for table `schedule_recurring_weekdays`
--

LOCK TABLES `schedule_recurring_weekdays` WRITE;
/*!40000 ALTER TABLE `schedule_recurring_weekdays` DISABLE KEYS */;
/*!40000 ALTER TABLE `schedule_recurring_weekdays` ENABLE KEYS */;
UNLOCK TABLES;

--
-- Dumping data for table `seat`
--

LOCK TABLES `seat` WRITE;
/*!40000 ALTER TABLE `seat` DISABLE KEYS */;
/*!40000 ALTER TABLE `seat` ENABLE KEYS */;
UNLOCK TABLES;

--
-- Dumping data for table `seat_activeallocations`
--

LOCK TABLES `seat_activeallocations` WRITE;
/*!40000 ALTER TABLE `seat_activeallocations` DISABLE KEYS */;
/*!40000 ALTER TABLE `seat_activeallocations` ENABLE KEYS */;
UNLOCK TABLES;

--
-- Dumping data for table `seat_allocation`
--

LOCK TABLES `seat_allocation` WRITE;
/*!40000 ALTER TABLE `seat_allocation` DISABLE KEYS */;
/*!40000 ALTER TABLE `seat_allocation` ENABLE KEYS */;
UNLOCK TABLES;

--
-- Dumping data for table `seat_allocation_inactivation_log`
--

LOCK TABLES `seat_allocation_inactivation_log` WRITE;
/*!40000 ALTER TABLE `seat_allocation_inactivation_log` DISABLE KEYS */;
/*!40000 ALTER TABLE `seat_allocation_inactivation_log` ENABLE KEYS */;
UNLOCK TABLES;

--
-- Dumping data for table `seat_inactiveallocations`
--

LOCK TABLES `seat_inactiveallocations` WRITE;
/*!40000 ALTER TABLE `seat_inactiveallocations` DISABLE KEYS */;
/*!40000 ALTER TABLE `seat_inactiveallocations` ENABLE KEYS */;
UNLOCK TABLES;

--
-- Dumping data for table `seat_map`
--

LOCK TABLES `seat_map` WRITE;
/*!40000 ALTER TABLE `seat_map` DISABLE KEYS */;
/*!40000 ALTER TABLE `seat_map` ENABLE KEYS */;
UNLOCK TABLES;

--
-- Dumping data for table `security_group`
--

LOCK TABLES `security_group` WRITE;
/*!40000 ALTER TABLE `security_group` DISABLE KEYS */;
/*!40000 ALTER TABLE `security_group` ENABLE KEYS */;
UNLOCK TABLES;

--
-- Dumping data for table `service`
--

LOCK TABLES `service` WRITE;
/*!40000 ALTER TABLE `service` DISABLE KEYS */;
/*!40000 ALTER TABLE `service` ENABLE KEYS */;
UNLOCK TABLES;

--
-- Dumping data for table `session_key`
--

LOCK TABLES `session_key` WRITE;
/*!40000 ALTER TABLE `session_key` DISABLE KEYS */;
/*!40000 ALTER TABLE `session_key` ENABLE KEYS */;
UNLOCK TABLES;

--
-- Dumping data for table `spending_record`
--

LOCK TABLES `spending_record` WRITE;
/*!40000 ALTER TABLE `spending_record` DISABLE KEYS */;
/*!40000 ALTER TABLE `spending_record` ENABLE KEYS */;
UNLOCK TABLES;

--
-- Dumping data for table `spring_session`
--

LOCK TABLES `spring_session` WRITE;
/*!40000 ALTER TABLE `spring_session` DISABLE KEYS */;
/*!40000 ALTER TABLE `spring_session` ENABLE KEYS */;
UNLOCK TABLES;

--
-- Dumping data for table `spring_session_attributes`
--

LOCK TABLES `spring_session_attributes` WRITE;
/*!40000 ALTER TABLE `spring_session_attributes` DISABLE KEYS */;
/*!40000 ALTER TABLE `spring_session_attributes` ENABLE KEYS */;
UNLOCK TABLES;

--
-- Dumping data for table `statement_of_acct_line_item`
--

LOCK TABLES `statement_of_acct_line_item` WRITE;
/*!40000 ALTER TABLE `statement_of_acct_line_item` DISABLE KEYS */;
/*!40000 ALTER TABLE `statement_of_acct_line_item` ENABLE KEYS */;
UNLOCK TABLES;

--
-- Dumping data for table `team`
--

LOCK TABLES `team` WRITE;
/*!40000 ALTER TABLE `team` DISABLE KEYS */;
INSERT INTO `team` VALUES ('4439e76b-ecff-11e9-ab88-00155d03b61a','T-INFRA-EUC-1','admin','2019-10-12 22:47:51','APAC-SG-TECH-INFRA-EUC',_binary '\0',NULL,NULL,'Infra End User Computing','',1,'4412216d-ecff-11e9-ab88-00155d03b61a','44aa0865-ecff-11e9-ab88-00155d03b61a','0805a50c-826c-4d09-8cc4-5f9970d613eb'),('443e516a-ecff-11e9-ab88-00155d03b61a','T-INFRA-DBADMIN-2','admin','2019-10-12 22:47:51','APAC-SG-TECH-INFRA-DBADMIN',_binary '\0',NULL,NULL,'Infra Database Admin','',2,'4412216d-ecff-11e9-ab88-00155d03b61a','44aa0865-ecff-11e9-ab88-00155d03b61a','0805a50c-826c-4d09-8cc4-5f9970d613eb'),('4444cd3c-ecff-11e9-ab88-00155d03b61a','T-FI-PROD-3','admin','2019-10-12 22:47:51','APAC-SG-TECH-FI-PROD',_binary '\0',NULL,NULL,'Fixed Income Production Support','',3,'44164442-ecff-11e9-ab88-00155d03b61a','44aa0865-ecff-11e9-ab88-00155d03b61a','0805a50c-826c-4d09-8cc4-5f9970d613eb'),('44485af2-ecff-11e9-ab88-00155d03b61a','T-FI-DEV-4','admin','2019-10-12 22:47:51','APAC-SG-TECH-FI-DEV',_binary '\0',NULL,NULL,'Fixed Income Development','',4,'44164442-ecff-11e9-ab88-00155d03b61a','44aa0865-ecff-11e9-ab88-00155d03b61a','0805a50c-826c-4d09-8cc4-5f9970d613eb');
/*!40000 ALTER TABLE `team` ENABLE KEYS */;
UNLOCK TABLES;

--
-- Dumping data for table `training_form`
--

LOCK TABLES `training_form` WRITE;
/*!40000 ALTER TABLE `training_form` DISABLE KEYS */;
/*!40000 ALTER TABLE `training_form` ENABLE KEYS */;
UNLOCK TABLES;

--
-- Dumping data for table `travel_form`
--

LOCK TABLES `travel_form` WRITE;
/*!40000 ALTER TABLE `travel_form` DISABLE KEYS */;
/*!40000 ALTER TABLE `travel_form` ENABLE KEYS */;
UNLOCK TABLES;

--
-- Dumping data for table `user_securitygroup`
--

LOCK TABLES `user_securitygroup` WRITE;
/*!40000 ALTER TABLE `user_securitygroup` DISABLE KEYS */;
/*!40000 ALTER TABLE `user_securitygroup` ENABLE KEYS */;
UNLOCK TABLES;

--
-- Dumping data for table `vendor`
--

LOCK TABLES `vendor` WRITE;
/*!40000 ALTER TABLE `vendor` DISABLE KEYS */;
INSERT INTO `vendor` VALUES ('08ad83b4-5d10-481d-8704-03762f2c4a51','VENDOR-8-SAMSUNG','yingshi2502','2019-10-03 09:37:12',NULL,_binary '\0','yingshi2502','2019-10-03 09:37:13','Samsung','GRANT,all_user',1,'Samsung@gmail.com','Samsung Billing Name','EscalationStaff@gmail.com','External','Samsung@gmail.com','Samsung Manager','Headset, Desktop devices'),('0d330fed-9741-4182-bb46-c71ca38f53e3','VENDOR-4-STARHUB','yingshi2502','2019-10-03 09:34:38',NULL,_binary '\0','yingshi2502','2019-10-03 09:34:38','Starhub','GRANT,all_user',2,'StarhubBillStaff@gmail.com','Starhub Billing Name','EscalationStaff@gmail.com','External','StarhubManager1@gmail.com','Starhub Manager','Telecom service and Wireless'),('154aec3b-7eef-4f74-bc20-268605ccfd11','VENDOR-2-APPLE','yingshi2502','2019-10-03 09:34:01',NULL,_binary '\0','yingshi2502','2019-10-03 09:34:01','Apple','GRANT,all_user',3,'AppleBillStaff@gmail.com','Apple Billing Name','EscalationStaff@gmail.com','External','AppleManager1@gmail.com','Apple Manager','Mac PC'),('2aaa5be8-f9cd-4674-bb8f-b8c74eeda21a','VENDOR-9-NUS','yingshi2502','2019-10-04 17:10:34',NULL,_binary '\0','yingshi2502','2019-10-04 18:42:32','NUS','GRANT,all_user',4,'a@gmail.com','Huang','aaaa@gmail.com','full name','huangyingshi@gmail.com','Yingshi','Education Institution'),('2f9f20d3-715a-4905-92d8-8c33a97ff06b','VENDOR-7-SONY','yingshi2502','2019-10-03 09:37:01',NULL,_binary '\0','yingshi2502','2019-10-03 09:37:01','Sony','GRANT,all_user',5,'Sony@gmail.com','Sony Billing Name','EscalationStaff@gmail.com','External','Sony@gmail.com','Sony Manager','Headset, Desktop devices'),('4d48be7d-0847-44d6-b7ae-d2bed4c8a68c','VENDOR-10-NTU','yingshi2502','2019-10-04 18:43:46',NULL,_binary '\0','yingshi2502','2019-10-04 18:44:31','NTU','GRANT,all_user',6,'xuhong@gmail.com','Xu Hong','viet@gamil.com','Viet','huangyingshi@gmail.com','Huang Yingshi','Education Institution'),('65b6940e-0f98-4a63-934e-b512b537fd72','VENDOR-11-DUMMY','yingshi2502','2019-10-05 03:48:52',NULL,_binary '\0','yingshi2502','2019-10-05 03:48:52','Dummy','GRANT,all_user',7,'dummy@gmail.com','dummy Biling','dummy@gmail.com','dummy escalation','dummy@gmail.com','dummy RM','Dummy service'),('7a299ce2-0cd3-4c9c-975b-46fb132e5085','VENDOR-6-CISCO','yingshi2502','2019-10-03 09:36:36',NULL,_binary '\0','yingshi2502','2019-10-03 09:36:37','CISCO','GRANT,all_user',8,'CISCO@gmail.com','CISCO Billing Name','EscalationStaff@gmail.com','External','CISCO@gmail.com','CISCO Manager',' IT and networking'),('88554bc4-6eff-4466-8efc-64ffba3a2e17','VENDOR-5-CHALLENGER','yingshi2502','2019-10-03 09:35:08',NULL,_binary '\0','yingshi2502','2019-10-03 09:35:08','Challenger','GRANT,all_user',9,'ChallengerBillStaff@gmail.com','Challenger Billing Name','EscalationStaff@gmail.com','External','ChallengerManager1@gmail.com','Challenger Manager','Hardware provider Singapore'),('b81c911c-839a-477f-bc78-5f2566fa4492','VENDOR-1-DELL','yingshi2502','2019-10-03 09:33:14',NULL,_binary '\0','yingshi2502','2019-10-04 17:09:33','Dell','GRANT,all_user',10,'DellBillStaff@gmail.com','Dell Billing Name2','EscalationStaff@gmail.com','External','DellManager1@gmail.com','Del1 Manager','Windows PC and monitors'),('e88caeb9-d993-4ac9-9ca3-f19131c69a8f','VENDOR-3-SINGTEL','yingshi2502','2019-10-03 09:34:25',NULL,_binary '\0','yingshi2502','2019-10-03 09:34:26','Singtel','GRANT,all_user',11,'SingtelBillStaff@gmail.com','Singtel Billing Name','EscalationStaff@gmail.com','External','SingtelManager1@gmail.com','Singtel Manager','Telecom service and Wireless');
/*!40000 ALTER TABLE `vendor` ENABLE KEYS */;
UNLOCK TABLES;
/*!40103 SET TIME_ZONE=@OLD_TIME_ZONE */;

/*!40101 SET SQL_MODE=@OLD_SQL_MODE */;
/*!40014 SET FOREIGN_KEY_CHECKS=@OLD_FOREIGN_KEY_CHECKS */;
/*!40014 SET UNIQUE_CHECKS=@OLD_UNIQUE_CHECKS */;
/*!40101 SET CHARACTER_SET_CLIENT=@OLD_CHARACTER_SET_CLIENT */;
/*!40101 SET CHARACTER_SET_RESULTS=@OLD_CHARACTER_SET_RESULTS */;
/*!40101 SET COLLATION_CONNECTION=@OLD_COLLATION_CONNECTION */;
/*!40111 SET SQL_NOTES=@OLD_SQL_NOTES */;

-- Dump completed on 2019-10-12 22:56:39
